"","symbol","date","open","high","low","close","volume","adjusted"
"1","ARAV",2016-01-04,72.360001,72.959999,69.120003,71.940002,20133,71.940002
"2","ARAV",2016-01-05,72.300003,74.760002,69.779999,71.82,10467,71.82
"3","ARAV",2016-01-06,70.5,71.279999,62.700001,65.160004,26450,65.160004
"4","ARAV",2016-01-07,63.540001,63.540001,57.060001,57.48,20317,57.48
"5","ARAV",2016-01-08,57.84,60.779999,55.32,60.060001,19867,60.060001
"6","ARAV",2016-01-11,60.360001,61.259998,54.48,57.599998,23100,57.599998
"7","ARAV",2016-01-12,58.439999,60.18,53.82,56.34,17633,56.34
"8","ARAV",2016-01-13,56.34,57.18,54.540001,55.619999,26600,55.619999
"9","ARAV",2016-01-14,55.799999,67.440002,54.299999,65.580002,25233,65.580002
"10","ARAV",2016-01-15,63.540001,67.68,61.439999,67.440002,29217,67.440002
"11","ARAV",2016-01-19,68.519997,77.099998,64.860001,76.32,101283,76.32
"12","ARAV",2016-01-20,74.580002,84.779999,66.059998,83.82,60450,83.82
"13","ARAV",2016-01-21,82.919998,86.639999,81.690002,84.419998,39267,84.419998
"14","ARAV",2016-01-22,86.160004,87.239998,78.120003,84.239998,46417,84.239998
"15","ARAV",2016-01-25,84,86.220001,81.360001,82.980003,14750,82.980003
"16","ARAV",2016-01-26,83.699997,83.699997,75,76.019997,25683,76.019997
"17","ARAV",2016-01-27,76.019997,76.080002,64.139999,67.739998,45917,67.739998
"18","ARAV",2016-01-28,68.580002,68.580002,62.939999,64.080002,24450,64.080002
"19","ARAV",2016-01-29,64.379997,69.713997,64.379997,66.839996,32217,66.839996
"20","ARAV",2016-02-01,66.419998,68.940002,65.040001,68.339996,34483,68.339996
"21","ARAV",2016-02-02,67.379997,68.339996,60.299999,60.599998,31450,60.599998
"22","ARAV",2016-02-03,60.900002,63.276001,55.889999,57.060001,38017,57.060001
"23","ARAV",2016-02-04,56.82,60,54.900002,58.080002,24433,58.080002
"24","ARAV",2016-02-05,57.299999,58.02,54.119999,56.16,20583,56.16
"25","ARAV",2016-02-08,55.380001,55.380001,51.18,52.439999,28617,52.439999
"26","ARAV",2016-02-09,51.419998,54.599998,50.34,51.48,9767,51.48
"27","ARAV",2016-02-10,52.259998,58.5,50.580002,51.900002,15150,51.900002
"28","ARAV",2016-02-11,50.82,51.869999,46.560001,47.82,47500,47.82
"29","ARAV",2016-02-12,49.68,50.580002,47.220001,49.080002,31300,49.080002
"30","ARAV",2016-02-16,49.5,49.5,47.400002,48.240002,31867,48.240002
"31","ARAV",2016-02-17,48.959999,52.5,48.360001,49.5,49250,49.5
"32","ARAV",2016-02-18,49.5,49.5,46.560001,46.919998,23483,46.919998
"33","ARAV",2016-02-19,46.5,48.66,42.299999,45,57483,45
"34","ARAV",2016-02-22,45.599998,46.68,41.880001,42.119999,40967,42.119999
"35","ARAV",2016-02-23,42.060001,42.84,38.310001,38.459999,73483,38.459999
"36","ARAV",2016-02-24,38.099998,42.528,37.02,40.5,44383,40.5
"37","ARAV",2016-02-25,40.439999,42.695999,38.400002,39.84,20867,39.84
"38","ARAV",2016-02-26,40.139999,41.34,38.700001,39.84,37433,39.84
"39","ARAV",2016-02-29,40.080002,40.919998,38.279999,39.419998,34533,39.419998
"40","ARAV",2016-03-01,39.779999,43.619999,39.779999,43.5,32300,43.5
"41","ARAV",2016-03-02,43.619999,46.799999,43.080002,45.900002,34050,45.900002
"42","ARAV",2016-03-03,45.959999,48.720001,45.060001,46.560001,18783,46.560001
"43","ARAV",2016-03-04,46.5,47.759998,45.299999,46.68,20883,46.68
"44","ARAV",2016-03-07,46.439999,47.400002,45.419998,46.860001,9750,46.860001
"45","ARAV",2016-03-08,46.439999,47.52,40.860001,40.860001,27950,40.860001
"46","ARAV",2016-03-09,41.099998,41.400002,38.459999,40.740002,30617,40.740002
"47","ARAV",2016-03-10,41.040001,41.939999,39.720001,40.200001,16133,40.200001
"48","ARAV",2016-03-11,40.68,42.119999,39.84,41.700001,19050,41.700001
"49","ARAV",2016-03-14,41.759998,43.200001,40.860001,41.459999,14767,41.459999
"50","ARAV",2016-03-15,40.68,40.860001,38.400002,38.52,20200,38.52
"51","ARAV",2016-03-16,38.400002,39.972,37.650002,39.360001,9683,39.360001
"52","ARAV",2016-03-17,39.299999,41.490002,38.459999,39.66,11550,39.66
"53","ARAV",2016-03-18,40.080002,41.939999,38.34,41.759998,33867,41.759998
"54","ARAV",2016-03-21,41.099998,42.959999,40.200001,41.939999,23083,41.939999
"55","ARAV",2016-03-22,41.580002,44.099998,41.580002,42.299999,17700,42.299999
"56","ARAV",2016-03-23,42.299999,42.66,38.639999,39,14983,39
"57","ARAV",2016-03-24,38.639999,41.639999,37.919998,40.259998,7950,40.259998
"58","ARAV",2016-03-28,40.439999,40.439999,38.700001,39.419998,11767,39.419998
"59","ARAV",2016-03-29,39.240002,46.439999,38.880001,45.299999,27433,45.299999
"60","ARAV",2016-03-30,46.02,49.200001,44.532001,46.98,32417,46.98
"61","ARAV",2016-03-31,46.860001,49.619999,46.080002,48.119999,24233,48.119999
"62","ARAV",2016-04-01,47.700001,51.900002,47.099998,50.279999,20900,50.279999
"63","ARAV",2016-04-04,50.639999,53.52,48.66,49.02,34100,49.02
"64","ARAV",2016-04-05,48.540001,53.040001,46.5,50.34,35900,50.34
"65","ARAV",2016-04-06,50.52,56.880001,50.52,56.099998,41400,56.099998
"66","ARAV",2016-04-07,57.419998,58.439999,51.360001,56.34,33683,56.34
"67","ARAV",2016-04-08,57.48,57.779999,53.52,54,18600,54
"68","ARAV",2016-04-11,54.540001,55.02,51.959999,52.380001,17300,52.380001
"69","ARAV",2016-04-12,52.139999,55.32,51,54.959999,10767,54.959999
"70","ARAV",2016-04-13,55.32,57.959999,54.540001,57.240002,16250,57.240002
"71","ARAV",2016-04-14,56.700001,58.200001,55.889999,57.18,11917,57.18
"72","ARAV",2016-04-15,57.060001,58.919998,51.804001,56.459999,8600,56.459999
"73","ARAV",2016-04-18,55.98,58.139999,55.740002,58.02,11350,58.02
"74","ARAV",2016-04-19,57.636002,59.700001,56.610001,58.919998,13267,58.919998
"75","ARAV",2016-04-20,59.220001,59.639999,57.119999,58.200001,9933,58.200001
"76","ARAV",2016-04-21,58.080002,60.900002,58.080002,60.720001,19467,60.720001
"77","ARAV",2016-04-22,60.959999,62.099998,59.189999,61.5,12917,61.5
"78","ARAV",2016-04-25,61.080002,61.68,59.939999,60.599998,12950,60.599998
"79","ARAV",2016-04-26,60.360001,60.360001,57.66,58.799999,10467,58.799999
"80","ARAV",2016-04-27,60.419998,62.16,56.939999,58.139999,10100,58.139999
"81","ARAV",2016-04-28,57.720001,60.299999,56.759998,58.380001,14150,58.380001
"82","ARAV",2016-04-29,57.060001,57.900002,52.259998,54.360001,27017,54.360001
"83","ARAV",2016-05-02,54.599998,55.200001,52.200001,54.599998,9200,54.599998
"84","ARAV",2016-05-03,53.82,55.259998,50.939999,51.119999,11183,51.119999
"85","ARAV",2016-05-04,50.700001,51.419998,43.080002,44.459999,30133,44.459999
"86","ARAV",2016-05-05,44.700001,47.099998,43.950001,46.200001,34183,46.200001
"87","ARAV",2016-05-06,45.959999,47.585999,45.84,46.380001,12600,46.380001
"88","ARAV",2016-05-09,46.380001,49.68,46.259998,49.02,13033,49.02
"89","ARAV",2016-05-10,49.619999,49.68,45.779999,47.040001,6733,47.040001
"90","ARAV",2016-05-11,47.099998,47.939999,45.240002,45.66,5850,45.66
"91","ARAV",2016-05-12,46.200001,46.740002,42.299999,43.5,11783,43.5
"92","ARAV",2016-05-13,43.139999,45.540001,43.139999,44.82,5967,44.82
"93","ARAV",2016-05-16,45.18,47.880001,44.939999,47.459999,7450,47.459999
"94","ARAV",2016-05-17,47.040001,49.619999,46.380001,47.040001,14383,47.040001
"95","ARAV",2016-05-18,46.619999,49.080002,46.619999,48.720001,6733,48.720001
"96","ARAV",2016-05-19,48.299999,49.967999,45.779999,47.099998,5833,47.099998
"97","ARAV",2016-05-20,47.220001,49.259998,47.220001,48.66,7633,48.66
"98","ARAV",2016-05-23,48.599998,53.040001,48.599998,52.740002,19767,52.740002
"99","ARAV",2016-05-24,53.220001,55.860001,52.32,54.779999,14700,54.779999
"100","ARAV",2016-05-25,55.619999,56.310001,53.400002,54.240002,7150,54.240002
"101","ARAV",2016-05-26,55.5,55.5,52.259998,52.560001,5017,52.560001
"102","ARAV",2016-05-27,53.220001,54.360001,52.152,53.52,8000,53.52
"103","ARAV",2016-05-31,54.119999,55.560001,53.279999,55.259998,7817,55.259998
"104","ARAV",2016-06-01,55.02,56.040001,54.119999,55.740002,6750,55.740002
"105","ARAV",2016-06-02,55.560001,62.130001,55.560001,60.119999,18467,60.119999
"106","ARAV",2016-06-03,59.880001,63.990002,57.540001,62.16,23717,62.16
"107","ARAV",2016-06-06,61.619999,68.699997,61.080002,68.519997,31433,68.519997
"108","ARAV",2016-06-07,67.919998,68.400002,64.620003,65.760002,16150,65.760002
"109","ARAV",2016-06-08,66.360001,67.260002,64.620003,66.120003,9367,66.120003
"110","ARAV",2016-06-09,65.400002,67.199997,61.619999,64.68,16400,64.68
"111","ARAV",2016-06-10,63.419998,66.540001,62.16,62.880001,10400,62.880001
"112","ARAV",2016-06-13,62.580002,73.800003,62.580002,71.160004,56317,71.160004
"113","ARAV",2016-06-14,69.480003,71.790001,63.060001,65.220001,17233,65.220001
"114","ARAV",2016-06-15,63.779999,67.260002,62.700001,64.019997,13200,64.019997
"115","ARAV",2016-06-16,62.880001,67.139999,61.860001,66.419998,21250,66.419998
"116","ARAV",2016-06-17,66.660004,68.82,64.32,65.519997,38467,65.519997
"117","ARAV",2016-06-20,65.760002,68.160004,63.48,65.519997,30417,65.519997
"118","ARAV",2016-06-21,66.059998,67.980003,63.48,67.919998,16583,67.919998
"119","ARAV",2016-06-22,67.800003,69.449997,64.739998,65.940002,28300,65.940002
"120","ARAV",2016-06-23,66.900002,70.260002,63.419998,69.239998,17783,69.239998
"121","ARAV",2016-06-24,64.860001,66.720001,61.919998,62.880001,87167,62.880001
"122","ARAV",2016-06-27,61.919998,63,57.779999,58.98,16000,58.98
"123","ARAV",2016-06-28,60.060001,62.880001,59.52,61.080002,31500,61.080002
"124","ARAV",2016-06-29,62.400002,66.540001,61.080002,65.519997,38283,65.519997
"125","ARAV",2016-06-30,65.639999,67.440002,65.339996,66.360001,26967,66.360001
"126","ARAV",2016-07-01,66.480003,67.290001,64.379997,65.279999,11483,65.279999
"127","ARAV",2016-07-05,64.32,65.099998,61.608002,63.360001,11483,63.360001
"128","ARAV",2016-07-06,63.18,67.800003,59.759998,61.919998,19567,61.919998
"129","ARAV",2016-07-07,62.220001,62.220001,59.099998,60.240002,13867,60.240002
"130","ARAV",2016-07-08,60.779999,64.139999,58.560001,63.599998,20917,63.599998
"131","ARAV",2016-07-11,64.019997,64.260002,60.959999,62.700001,13850,62.700001
"132","ARAV",2016-07-12,63.720001,65.580002,62.700001,63.959999,25150,63.959999
"133","ARAV",2016-07-13,64.32,66.120003,62.34,63.900002,21767,63.900002
"134","ARAV",2016-07-14,65.099998,65.580002,62.759998,62.939999,6883,62.939999
"135","ARAV",2016-07-15,63.84,64.739998,62.220001,62.880001,19667,62.880001
"136","ARAV",2016-07-18,63.240002,65.879997,62.220001,65.519997,6233,65.519997
"137","ARAV",2016-07-19,65.279999,65.639999,63.060001,63.720001,6617,63.720001
"138","ARAV",2016-07-20,63.900002,66.839996,63.900002,65.699997,10683,65.699997
"139","ARAV",2016-07-21,66.300003,70.32,66.300003,67.32,16117,67.32
"140","ARAV",2016-07-22,67.800003,67.800003,66,67.080002,13633,67.080002
"141","ARAV",2016-07-25,66.959999,68.639999,66.900002,67.559998,9033,67.559998
"142","ARAV",2016-07-26,67.32,69.18,66.480003,66.720001,7800,66.720001
"143","ARAV",2016-07-27,67.379997,69.839996,67.379997,69.480003,12950,69.480003
"144","ARAV",2016-07-28,69.720001,71.339996,69.239998,70.559998,12100,70.559998
"145","ARAV",2016-07-29,71.400002,71.400002,67.860001,69,23433,69
"146","ARAV",2016-08-01,69.540001,69.599998,66.510002,67.440002,10733,67.440002
"147","ARAV",2016-08-02,67.860001,68.160004,63.240002,64.919998,9517,64.919998
"148","ARAV",2016-08-03,65.400002,68.040001,64.080002,67.919998,15000,67.919998
"149","ARAV",2016-08-04,68.099998,69.012001,65.940002,66.900002,10750,66.900002
"150","ARAV",2016-08-05,67.379997,68.580002,63.060001,67.919998,14983,67.919998
"151","ARAV",2016-08-08,67.980003,68.699997,65.279999,66.779999,6833,66.779999
"152","ARAV",2016-08-09,67.739998,67.739998,64.199997,65.940002,9783,65.940002
"153","ARAV",2016-08-10,69.599998,70.199997,67.260002,68.220001,8733,68.220001
"154","ARAV",2016-08-11,69.120003,70.860001,67.860001,70.199997,24567,70.199997
"155","ARAV",2016-08-12,70.559998,78.900002,69.744003,77.040001,13200,77.040001
"156","ARAV",2016-08-15,77.580002,78.720001,75.660004,77.699997,16633,77.699997
"157","ARAV",2016-08-16,77.279999,78.900002,74.124001,77.400002,14617,77.400002
"158","ARAV",2016-08-17,77.220001,78.900002,74.699997,78.360001,19717,78.360001
"159","ARAV",2016-08-18,78.300003,80.153999,77.760002,78.480003,10733,78.480003
"160","ARAV",2016-08-19,78.300003,80.459999,76.739998,77.459999,8867,77.459999
"161","ARAV",2016-08-22,77.279999,79.32,73.554001,78.540001,21583,78.540001
"162","ARAV",2016-08-23,79.199997,82.800003,78,79.080002,24117,79.080002
"163","ARAV",2016-08-24,79.32,81.540001,73.260002,75.599998,13800,75.599998
"164","ARAV",2016-08-25,75.480003,80.82,73.379997,75.239998,13383,75.239998
"165","ARAV",2016-08-26,75.779999,79.620003,72.851997,76.260002,7983,76.260002
"166","ARAV",2016-08-29,76.199997,79.019997,72.93,78.239998,19683,78.239998
"167","ARAV",2016-08-30,78.360001,79.5,78,78.720001,16800,78.720001
"168","ARAV",2016-08-31,78.779999,78.839996,73.739998,74.400002,37367,74.400002
"169","ARAV",2016-09-01,73.559998,78.900002,73.019997,78.900002,34233,78.900002
"170","ARAV",2016-09-02,79.440002,79.440002,73.5,74.879997,14250,74.879997
"171","ARAV",2016-09-06,75.419998,77.879997,75.300003,75.900002,10383,75.900002
"172","ARAV",2016-09-07,76.559998,81,76.379997,80.82,15133,80.82
"173","ARAV",2016-09-08,80.940002,88.139999,79.019997,84.300003,30650,84.300003
"174","ARAV",2016-09-09,83.580002,85.860001,81.419998,81.839996,19967,81.839996
"175","ARAV",2016-09-12,80.879997,82.68,74.405998,81.599998,14050,81.599998
"176","ARAV",2016-09-13,80.160004,80.580002,74.459999,76.019997,12467,76.019997
"177","ARAV",2016-09-14,76.440002,79.68,75.059998,78.300003,6933,78.300003
"178","ARAV",2016-09-15,78.599998,79.620003,76.919998,77.339996,11767,77.339996
"179","ARAV",2016-09-16,77.879997,79.620003,76.260002,77.309998,22617,77.309998
"180","ARAV",2016-09-19,78.419998,79.68,74.459999,75.059998,16650,75.059998
"181","ARAV",2016-09-20,76.559998,83.760002,76.290001,80.040001,20200,80.040001
"182","ARAV",2016-09-21,80.940002,81.120003,75.839996,77.519997,10367,77.519997
"183","ARAV",2016-09-22,78.120003,79.139999,76.5,77.639999,11917,77.639999
"184","ARAV",2016-09-23,77.699997,79.800003,75.660004,78.779999,11183,78.779999
"185","ARAV",2016-09-26,78.900002,79.739998,75.480003,76.5,7650,76.5
"186","ARAV",2016-09-27,76.620003,80.459999,72.300003,79.980003,9000,79.980003
"187","ARAV",2016-09-28,74.82,76.139999,71.639999,73.379997,309017,73.379997
"188","ARAV",2016-09-29,73.32,75.239998,71.940002,72.900002,58600,72.900002
"189","ARAV",2016-09-30,73.080002,74.160004,71.699997,73.5,57717,73.5
"190","ARAV",2016-10-03,72.779999,73.68,71.519997,72.900002,13200,72.900002
"191","ARAV",2016-10-04,75,75,72.239998,73.019997,66217,73.019997
"192","ARAV",2016-10-05,73.5,74.400002,71.400002,73.5,62267,73.5
"193","ARAV",2016-10-06,73.5,74.129997,70.080002,71.940002,69367,71.940002
"194","ARAV",2016-10-07,71.879997,73.800003,70.860001,71.639999,36200,71.639999
"195","ARAV",2016-10-10,72.660004,74.099998,72.365997,73.5,49650,73.5
"196","ARAV",2016-10-11,73.5,74.040001,70.5,72.120003,31750,72.120003
"197","ARAV",2016-10-12,71.760002,73.800003,69.300003,70.080002,34767,70.080002
"198","ARAV",2016-10-13,69.599998,73.620003,69.059998,71.099998,19800,71.099998
"199","ARAV",2016-10-14,72,72.839996,69.660004,69.720001,13883,69.720001
"200","ARAV",2016-10-17,70.5,73.199997,69,72.599998,20300,72.599998
"201","ARAV",2016-10-18,73.199997,74.099998,72,72.599998,8783,72.599998
"202","ARAV",2016-10-19,72.900002,72.900002,69.599998,70.800003,18217,70.800003
"203","ARAV",2016-10-20,71.099998,74.400002,70.800003,72.900002,25483,72.900002
"204","ARAV",2016-10-21,72,73.800003,72,72.900002,15050,72.900002
"205","ARAV",2016-10-24,72.900002,73.470001,71.099998,72.599998,11383,72.599998
"206","ARAV",2016-10-25,72.900002,73.800003,71.400002,73.199997,23450,73.199997
"207","ARAV",2016-10-26,72.300003,73.199997,70.800003,72.599998,23317,72.599998
"208","ARAV",2016-10-27,72.900002,73.5,70.800003,71.099998,20117,71.099998
"209","ARAV",2016-10-28,71.699997,73.800003,70.800003,73.5,57000,73.5
"210","ARAV",2016-10-31,72.900002,73.440002,66,66.300003,74083,66.300003
"211","ARAV",2016-11-01,66.900002,67.199997,62.400002,64.199997,25367,64.199997
"212","ARAV",2016-11-02,63.599998,63.900002,59.400002,59.400002,21550,59.400002
"213","ARAV",2016-11-03,60.299999,60.810001,55.5,56.099998,44467,56.099998
"214","ARAV",2016-11-04,56.700001,58.506001,54.299999,54.599998,35267,54.599998
"215","ARAV",2016-11-07,55.5,58.5,55.5,57.900002,32267,57.900002
"216","ARAV",2016-11-08,57.900002,62.700001,54.900002,60.900002,19833,60.900002
"217","ARAV",2016-11-09,62.700001,69,62.700001,68.699997,52733,68.699997
"218","ARAV",2016-11-10,70.199997,73.199997,68.099998,71.400002,35317,71.400002
"219","ARAV",2016-11-11,71.400002,75.900002,69.599998,75.599998,44550,75.599998
"220","ARAV",2016-11-14,76.199997,77.099998,73.800003,76.5,36150,76.5
"221","ARAV",2016-11-15,75.900002,78,74.400002,77.099998,22950,77.099998
"222","ARAV",2016-11-16,76.800003,78.300003,72.900002,75.599998,22150,75.599998
"223","ARAV",2016-11-17,76.199997,78.900002,68.531998,78,26383,78
"224","ARAV",2016-11-18,78.300003,78.900002,77.099998,78.300003,22367,78.300003
"225","ARAV",2016-11-21,78.599998,78.900002,75.300003,77.699997,12867,77.699997
"226","ARAV",2016-11-22,77.699997,79.199997,72.900002,78,16450,78
"227","ARAV",2016-11-23,76.800003,80.699997,73.800003,80.099998,17583,80.099998
"228","ARAV",2016-11-25,80.099998,80.400002,77.400002,80.400002,4167,80.400002
"229","ARAV",2016-11-28,80.400002,80.400002,75,75.599998,13167,75.599998
"230","ARAV",2016-11-29,75.900002,76.5,74.400002,75.300003,8400,75.300003
"231","ARAV",2016-11-30,76.199997,76.800003,72.900002,74.699997,14500,74.699997
"232","ARAV",2016-12-01,74.699997,76.199997,72.300003,73.199997,16117,73.199997
"233","ARAV",2016-12-02,75.599998,78.300003,74.699997,76.199997,19633,76.199997
"234","ARAV",2016-12-05,77.400002,78.599998,75.330002,78.300003,27083,78.300003
"235","ARAV",2016-12-06,78.599998,80.550003,72.900002,80.099998,15917,80.099998
"236","ARAV",2016-12-07,79.199997,80.400002,75,77.400002,12700,77.400002
"237","ARAV",2016-12-08,76.5,80.099998,74.699997,79.800003,20917,79.800003
"238","ARAV",2016-12-09,79.800003,81.900002,70.800003,78.599998,17450,78.599998
"239","ARAV",2016-12-12,77.699997,78.300003,76.199997,78,11533,78
"240","ARAV",2016-12-13,78.599998,80.400002,76.5,77.699997,8250,77.699997
"241","ARAV",2016-12-14,77.400002,77.400002,75,76.5,8883,76.5
"242","ARAV",2016-12-15,77.099998,81.599998,76.800003,79.800003,21150,79.800003
"243","ARAV",2016-12-16,80.099998,91.199997,79.800003,89.099998,89667,89.099998
"244","ARAV",2016-12-19,90,93,87.300003,89.400002,21033,89.400002
"245","ARAV",2016-12-20,94.5,97.800003,93,94.5,24650,94.5
"246","ARAV",2016-12-21,95.400002,95.400002,88.800003,90.599998,17117,90.599998
"247","ARAV",2016-12-22,91.199997,93.599998,88.980003,90.900002,10917,90.900002
"248","ARAV",2016-12-23,90.599998,97.800003,89.699997,95.400002,12050,95.400002
"249","ARAV",2016-12-27,95.099998,97.199997,93.599998,94.199997,8917,94.199997
"250","ARAV",2016-12-28,94.199997,96,89.699997,90.900002,23917,90.900002
"251","ARAV",2016-12-29,91.5,91.949997,83.856003,86.699997,31250,86.699997
"252","ARAV",2016-12-30,89.099998,90.599998,85.199997,89.400002,34933,89.400002
"253","ARAV",2017-01-03,90.599998,92.400002,87,89.400002,15767,89.400002
"254","ARAV",2017-01-04,89.099998,96,89.099998,96,17083,96
"255","ARAV",2017-01-05,95.400002,96.900002,94.199997,95.099998,14467,95.099998
"256","ARAV",2017-01-06,95.699997,97.5,95.099998,97.199997,8300,97.199997
"257","ARAV",2017-01-09,98.099998,99.300003,94.5,95.699997,14900,95.699997
"258","ARAV",2017-01-10,95.699997,95.699997,93,94.199997,11550,94.199997
"259","ARAV",2017-01-11,94.199997,95.699997,89.400002,93,16100,93
"260","ARAV",2017-01-12,90.900002,93.900002,89.699997,92.400002,7400,92.400002
"261","ARAV",2017-01-13,93,95.699997,93,94.800003,8117,94.800003
"262","ARAV",2017-01-17,94.5,94.5,89.400002,90.599998,11150,90.599998
"263","ARAV",2017-01-18,91.5,94.199997,89.699997,91.199997,10683,91.199997
"264","ARAV",2017-01-19,90.900002,91.5,89.400002,90.599998,9333,90.599998
"265","ARAV",2017-01-20,91.5,95.213997,89.400002,90.300003,12733,90.300003
"266","ARAV",2017-01-23,90.599998,91.5,87.599998,88.5,11933,88.5
"267","ARAV",2017-01-24,88.800003,89.519997,86.400002,88.800003,9567,88.800003
"268","ARAV",2017-01-25,89.699997,92.099998,89.099998,90.300003,9300,90.300003
"269","ARAV",2017-01-26,90.300003,90.900002,86.400002,86.699997,10400,86.699997
"270","ARAV",2017-01-27,87,87.300003,84,85.800003,11050,85.800003
"271","ARAV",2017-01-30,83.099998,83.129997,77.400002,78,26033,78
"272","ARAV",2017-01-31,77.699997,86.400002,76.199997,85.800003,23250,85.800003
"273","ARAV",2017-02-01,85.800003,86.699997,82.199997,83.699997,13717,83.699997
"274","ARAV",2017-02-02,83.400002,85.050003,79.800003,81.300003,11367,81.300003
"275","ARAV",2017-02-03,82.5,85.199997,79.877998,84.599998,16367,84.599998
"276","ARAV",2017-02-06,84,85.5,82.080002,83.099998,10167,83.099998
"277","ARAV",2017-02-07,83.400002,86.099998,79.169998,79.800003,13183,79.800003
"278","ARAV",2017-02-08,78.900002,83.099998,76.800003,81.900002,34783,81.900002
"279","ARAV",2017-02-09,81.900002,87.900002,81.599998,86.699997,17300,86.699997
"280","ARAV",2017-02-10,87.900002,91.349998,87,90.300003,21583,90.300003
"281","ARAV",2017-02-13,91.5,93.900002,91.5,93.599998,19450,93.599998
"282","ARAV",2017-02-14,93.599998,95.099998,90.900002,93,17600,93
"283","ARAV",2017-02-15,92.400002,96.300003,92.400002,96.300003,17600,96.300003
"284","ARAV",2017-02-16,96.300003,97.403999,92.699997,94.199997,13633,94.199997
"285","ARAV",2017-02-17,94.199997,98.699997,93.300003,98.099998,15083,98.099998
"286","ARAV",2017-02-21,105,120,103.199997,113.699997,146167,113.699997
"287","ARAV",2017-02-22,117.300003,119.25,110.099998,117,83517,117
"288","ARAV",2017-02-23,118.5,126.900002,116.400002,126.599998,84867,126.599998
"289","ARAV",2017-02-24,127.5,135,119.400002,133.800003,91717,133.800003
"290","ARAV",2017-02-27,133.800003,144,132.600006,138.300003,91317,138.300003
"291","ARAV",2017-02-28,137.699997,137.699997,129.300003,131.100006,58083,131.100006
"292","ARAV",2017-03-01,138.899994,143.501999,129.600006,131.100006,44617,131.100006
"293","ARAV",2017-03-02,131.699997,135.600006,125.699997,126.900002,64050,126.900002
"294","ARAV",2017-03-03,127.5,131.100006,127.199997,127.800003,60317,127.800003
"295","ARAV",2017-03-06,127.5,128.399994,119.400002,120.599998,55750,120.599998
"296","ARAV",2017-03-07,118.5,124.800003,116.208,120.900002,62317,120.900002
"297","ARAV",2017-03-08,120.300003,123.300003,119.622002,121.199997,67100,121.199997
"298","ARAV",2017-03-09,122.099998,125.099998,119.400002,120,85667,120
"299","ARAV",2017-03-10,121.800003,121.800003,117.150002,118.800003,42533,118.800003
"300","ARAV",2017-03-13,118.800003,120,115.5,116.400002,67250,116.400002
"301","ARAV",2017-03-14,115.199997,116.400002,112.5,114,78867,114
"302","ARAV",2017-03-15,114.300003,115.800003,111.900002,114,105100,114
"303","ARAV",2017-03-16,113.699997,114.300003,109.5,110.699997,75100,110.699997
"304","ARAV",2017-03-17,109.800003,115.199997,107.531998,114.599998,223817,114.599998
"305","ARAV",2017-03-20,115.199997,124.199997,114,123.599998,88917,123.599998
"306","ARAV",2017-03-21,125.400002,131.699997,116.099998,118.199997,83333,118.199997
"307","ARAV",2017-03-22,117.300003,122.400002,114.300003,120.900002,54383,120.900002
"308","ARAV",2017-03-23,121.199997,123.900002,117.599998,123,43167,123
"309","ARAV",2017-03-24,123.599998,128.699997,121.199997,126.599998,53250,126.599998
"310","ARAV",2017-03-27,124.800003,128.699997,122.099998,127.199997,26767,127.199997
"311","ARAV",2017-03-28,127.199997,131.699997,126.900002,129,40667,129
"312","ARAV",2017-03-29,130.199997,133.800003,129.899994,131.100006,30033,131.100006
"313","ARAV",2017-03-30,130.800003,133.199997,124.115997,132,53550,132
"314","ARAV",2017-03-31,132,132,123,128.100006,95133,128.100006
"315","ARAV",2017-04-03,128.399994,130.5,123.300003,127.800003,65200,127.800003
"316","ARAV",2017-04-04,129,129.899994,125.400002,127.800003,37733,127.800003
"317","ARAV",2017-04-05,128.100006,129.600006,122.400002,124.800003,52067,124.800003
"318","ARAV",2017-04-06,125.099998,125.099998,116.699997,123,76200,123
"319","ARAV",2017-04-07,122.400002,124.5,120.599998,123,28933,123
"320","ARAV",2017-04-10,123,125.25,121.5,121.5,27583,121.5
"321","ARAV",2017-04-11,121.800003,124.199997,119.099998,123.599998,20883,123.599998
"322","ARAV",2017-04-12,123.300003,124.800003,121.650002,122.699997,16650,122.699997
"323","ARAV",2017-04-13,121.800003,126,120.900002,124.5,25350,124.5
"324","ARAV",2017-04-17,124.5,125.099998,120,122.400002,24950,122.400002
"325","ARAV",2017-04-18,120.599998,121.199997,118.314003,119.400002,18583,119.400002
"326","ARAV",2017-04-19,119.099998,124.199997,118.800003,120.599998,17550,120.599998
"327","ARAV",2017-04-20,121.5,122.099998,117,118.199997,27233,118.199997
"328","ARAV",2017-04-21,117.900002,119.699997,115.199997,118.5,32383,118.5
"329","ARAV",2017-04-24,120,120.900002,117.599998,118.5,33667,118.5
"330","ARAV",2017-04-25,119.400002,124.169998,118.050003,120,42733,120
"331","ARAV",2017-04-26,119.699997,121.199997,118.5,119.400002,31233,119.400002
"332","ARAV",2017-04-27,119.400002,120,118.199997,118.800003,15717,118.800003
"333","ARAV",2017-04-28,113.099998,114.269997,105,110.400002,103117,110.400002
"334","ARAV",2017-05-01,111.300003,113.400002,110.699997,111.300003,49683,111.300003
"335","ARAV",2017-05-02,111,112.5,106.650002,108,47017,108
"336","ARAV",2017-05-03,106.800003,110.099998,105.300003,109.199997,28833,109.199997
"337","ARAV",2017-05-04,109.800003,110.699997,102,102.300003,51317,102.300003
"338","ARAV",2017-05-05,105,106.5,102,105.900002,30483,105.900002
"339","ARAV",2017-05-08,105,105.900002,102.599998,105,30467,105
"340","ARAV",2017-05-09,106.199997,107.099998,104.400002,105.900002,19567,105.900002
"341","ARAV",2017-05-10,105.300003,108,102.900002,106.800003,20467,106.800003
"342","ARAV",2017-05-11,105,106.800003,102.599998,104.400002,22650,104.400002
"343","ARAV",2017-05-12,103.5,107.25,102,105,25067,105
"344","ARAV",2017-05-15,105,106.800003,103.5,104.099998,19383,104.099998
"345","ARAV",2017-05-16,104.400002,105,99.300003,102.300003,46283,102.300003
"346","ARAV",2017-05-17,100.5,100.800003,96,96.900002,38967,96.900002
"347","ARAV",2017-05-18,97.199997,101.25,96.300003,100.800003,28350,100.800003
"348","ARAV",2017-05-19,100.5,101.099998,95.099998,95.699997,30850,95.699997
"349","ARAV",2017-05-22,95.400002,98.099998,93.900002,98.099998,30200,98.099998
"350","ARAV",2017-05-23,98.699997,99,96.599998,97.199997,28367,97.199997
"351","ARAV",2017-05-24,96.900002,98.400002,95.699997,96.599998,20217,96.599998
"352","ARAV",2017-05-25,96.900002,97.199997,93.599998,94.949997,22433,94.949997
"353","ARAV",2017-05-26,94.5,96.599998,91.800003,93,35333,93
"354","ARAV",2017-05-30,93.599998,94.632004,88.800003,89.400002,29917,89.400002
"355","ARAV",2017-05-31,89.400002,93.599998,88.5,92.099998,31667,92.099998
"356","ARAV",2017-06-01,93,98.550003,92.849998,98.099998,41617,98.099998
"357","ARAV",2017-06-02,98.099998,101.699997,97.800003,100.800003,49467,100.800003
"358","ARAV",2017-06-05,99.900002,102,98.699997,101.400002,44867,101.400002
"359","ARAV",2017-06-06,99.900002,101.400002,96.300003,96.599998,47250,96.599998
"360","ARAV",2017-06-07,96.900002,97.5,90.599998,96.300003,38117,96.300003
"361","ARAV",2017-06-08,96.900002,98.699997,95.400002,96.300003,20500,96.300003
"362","ARAV",2017-06-09,97.199997,99,94.926003,96.300003,29867,96.300003
"363","ARAV",2017-06-12,96.599998,99.449997,95.573997,96.300003,36367,96.300003
"364","ARAV",2017-06-13,96.300003,98.699997,95.400002,97.800003,16317,97.800003
"365","ARAV",2017-06-14,97.800003,101.099998,97.199997,99,30967,99
"366","ARAV",2017-06-15,97.800003,101.099998,96.900002,100.199997,28650,100.199997
"367","ARAV",2017-06-16,98.699997,100.800003,96.900002,98.400002,41000,98.400002
"368","ARAV",2017-06-19,99,101.400002,98.400002,100.800003,30417,100.800003
"369","ARAV",2017-06-20,100.5,102.797997,96,96.599998,35300,96.599998
"370","ARAV",2017-06-21,97.5,101.699997,96.599998,101.699997,28817,101.699997
"371","ARAV",2017-06-22,101.400002,104.099998,100.800003,103.199997,29567,103.199997
"372","ARAV",2017-06-23,102.599998,108.599998,101.099998,108.300003,210633,108.300003
"373","ARAV",2017-06-26,109.199997,116.400002,108.300003,114,55633,114
"374","ARAV",2017-06-27,114.300003,114.300003,108.300003,109.800003,40817,109.800003
"375","ARAV",2017-06-28,110.699997,112.5,108,111.900002,29783,111.900002
"376","ARAV",2017-06-29,111.599998,112.800003,106.529999,108.300003,23283,108.300003
"377","ARAV",2017-06-30,108.300003,108.300003,103.5,104.699997,30317,104.699997
"378","ARAV",2017-07-03,106.199997,109.800003,104.400002,107.699997,12800,107.699997
"379","ARAV",2017-07-05,107.099998,109.199997,102.900002,103.199997,56483,103.199997
"380","ARAV",2017-07-06,101.699997,105.300003,101.400002,102.599998,29583,102.599998
"381","ARAV",2017-07-07,102.599998,105.300003,102.599998,104.699997,24983,104.699997
"382","ARAV",2017-07-10,103.5,103.800003,101.099998,101.099998,18667,101.099998
"383","ARAV",2017-07-11,101.099998,103.800003,101.099998,102.900002,24350,102.900002
"384","ARAV",2017-07-12,104.400002,104.400002,99.900002,102.900002,30817,102.900002
"385","ARAV",2017-07-13,103.199997,103.5,99,99.900002,23250,99.900002
"386","ARAV",2017-07-14,100.5,102.900002,99.900002,101.099998,19750,101.099998
"387","ARAV",2017-07-17,101.099998,106.800003,100.830002,105.599998,46233,105.599998
"388","ARAV",2017-07-18,105,106.5,103.199997,105,38550,105
"389","ARAV",2017-07-19,105.599998,114,104.699997,112.199997,42183,112.199997
"390","ARAV",2017-07-20,110.400002,111.599998,105.300003,105.900002,36833,105.900002
"391","ARAV",2017-07-21,108,111.300003,104.400002,109.5,35800,109.5
"392","ARAV",2017-07-24,109.800003,117,108,116.099998,48900,116.099998
"393","ARAV",2017-07-25,114,118.5,112.5,113.099998,28317,113.099998
"394","ARAV",2017-07-26,113.400002,118.5,111.599998,114.900002,27167,114.900002
"395","ARAV",2017-07-27,114,119.699997,109.830002,111.300003,29100,111.300003
"396","ARAV",2017-07-28,102,113.699997,102,112.800003,28033,112.800003
"397","ARAV",2017-07-31,111,116.699997,110.400002,111,38950,111
"398","ARAV",2017-08-01,112.199997,112.199997,106.5,109.5,22967,109.5
"399","ARAV",2017-08-02,109.800003,110.699997,105,105.300003,23500,105.300003
"400","ARAV",2017-08-03,105.900002,108,104.699997,106.199997,29983,106.199997
"401","ARAV",2017-08-04,106.199997,107.699997,104.400002,107.400002,17650,107.400002
"402","ARAV",2017-08-07,108,111.599998,106.800003,107.699997,39400,107.699997
"403","ARAV",2017-08-08,105.900002,112.800003,103.800003,104.699997,51333,104.699997
"404","ARAV",2017-08-09,104.099998,105.900002,100.800003,102,30500,102
"405","ARAV",2017-08-10,100.199997,100.769997,95.699997,99.300003,51717,99.300003
"406","ARAV",2017-08-11,99.900002,103.5,98.400002,102.599998,37583,102.599998
"407","ARAV",2017-08-14,103.5,103.800003,101.400002,102.599998,31383,102.599998
"408","ARAV",2017-08-15,102.599998,102.599998,99,99.900002,24950,99.900002
"409","ARAV",2017-08-16,99.900002,102,99,99.900002,20600,99.900002
"410","ARAV",2017-08-17,99.300003,102,98.400002,99,34933,99
"411","ARAV",2017-08-18,97.5,100.800003,96.300003,99.599998,24817,99.599998
"412","ARAV",2017-08-21,98.699997,99.900002,97.5,98.400002,20333,98.400002
"413","ARAV",2017-08-22,99.300003,105.900002,97.199997,105.300003,41950,105.300003
"414","ARAV",2017-08-23,106.5,117.900002,105.900002,117,79717,117
"415","ARAV",2017-08-24,119.400002,119.400002,111.300003,113.699997,81900,113.699997
"416","ARAV",2017-08-25,117,117.599998,113.099998,114.900002,44667,114.900002
"417","ARAV",2017-08-28,116.099998,120,115.800003,118.800003,48267,118.800003
"418","ARAV",2017-08-29,117.599998,122.099998,115.800003,120.900002,51283,120.900002
"419","ARAV",2017-08-30,120.599998,121.199997,117.300003,117.900002,69117,117.900002
"420","ARAV",2017-08-31,118.199997,119.400002,111.900002,114,74050,114
"421","ARAV",2017-09-01,114.599998,120,113.082001,116.400002,72200,116.400002
"422","ARAV",2017-09-05,116.099998,119.550003,114.599998,118.800003,79033,118.800003
"423","ARAV",2017-09-06,120,121.199997,116.400002,117,90833,117
"424","ARAV",2017-09-07,117.599998,128.399994,117.300003,125.699997,116683,125.699997
"425","ARAV",2017-09-08,128.699997,128.718002,118.800003,119.699997,69433,119.699997
"426","ARAV",2017-09-11,121.5,123,117.300003,121.5,94383,121.5
"427","ARAV",2017-09-12,120.300003,120.300003,109.199997,110.099998,121833,110.099998
"428","ARAV",2017-09-13,117,117,108.599998,109.199997,85300,109.199997
"429","ARAV",2017-09-14,109.5,109.800003,105.330002,108.300003,78050,108.300003
"430","ARAV",2017-09-15,108.599998,111.300003,105.300003,110.099998,391017,110.099998
"431","ARAV",2017-09-18,111.300003,117,109.199997,117,172133,117
"432","ARAV",2017-09-19,118.5,119.699997,114.599998,117.599998,141333,117.599998
"433","ARAV",2017-09-20,117,132.600006,116.699997,131.100006,148067,131.100006
"434","ARAV",2017-09-21,129,132,126.900002,129.600006,607750,129.600006
"435","ARAV",2017-09-22,19.200001,19.5,15.6,16.049999,6684033,16.049999
"436","ARAV",2017-09-25,16.5,16.5,14.1,14.7,2078983,14.7
"437","ARAV",2017-09-26,14.7,17.1,14.4,16.799999,1452150,16.799999
"438","ARAV",2017-09-27,16.799999,17.4,15,15.15,1007967,15.15
"439","ARAV",2017-09-28,15.3,15.6,15,15.3,307217,15.3
"440","ARAV",2017-09-29,15.3,15.45,14.1,14.7,514500,14.7
"441","ARAV",2017-10-02,15,15.9,14.4,15.6,457483,15.6
"442","ARAV",2017-10-03,15.6,15.9,15.3,15.9,286500,15.9
"443","ARAV",2017-10-04,15.6,15.9,15.3,15.6,296200,15.6
"444","ARAV",2017-10-05,15.9,18.299999,15.6,16.5,1223267,16.5
"445","ARAV",2017-10-06,16.799999,16.799999,15.6,15.9,354783,15.9
"446","ARAV",2017-10-09,15.9,16.5,15.15,15.3,326167,15.3
"447","ARAV",2017-10-10,15.3,15.9,15,15.3,335083,15.3
"448","ARAV",2017-10-11,15.3,16.200001,15,15.9,246450,15.9
"449","ARAV",2017-10-12,15.9,16.5,15.6,16.200001,256933,16.200001
"450","ARAV",2017-10-13,15.9,16.200001,15.6,15.6,116183,15.6
"451","ARAV",2017-10-16,15.6,15.9,15.3,15.3,121250,15.3
"452","ARAV",2017-10-17,15.3,15.6,15.3,15.6,123900,15.6
"453","ARAV",2017-10-18,15.6,15.6,15.3,15.45,162583,15.45
"454","ARAV",2017-10-19,15.3,16.530001,15,16.5,474333,16.5
"455","ARAV",2017-10-20,16.5,16.5,15.9,15.9,155400,15.9
"456","ARAV",2017-10-23,15.9,16.200001,15.3,15.6,256033,15.6
"457","ARAV",2017-10-24,15.9,16.049999,14.7,14.7,224900,14.7
"458","ARAV",2017-10-25,15,15.3,14.1,14.4,297967,14.4
"459","ARAV",2017-10-26,14.4,14.4,13.8,13.8,203517,13.8
"460","ARAV",2017-10-27,12.3,12.6,11.4,11.4,602883,11.4
"461","ARAV",2017-10-30,11.1,11.7,11.1,11.25,180867,11.25
"462","ARAV",2017-10-31,11.1,11.4,10.2,10.8,328317,10.8
"463","ARAV",2017-11-01,10.8,11.1,10.5,10.8,138100,10.8
"464","ARAV",2017-11-02,10.8,11.1,10.2,10.8,173467,10.8
"465","ARAV",2017-11-03,10.8,11.1,10.5,11.1,64750,11.1
"466","ARAV",2017-11-06,11.1,11.7,10.5,10.5,239517,10.5
"467","ARAV",2017-11-07,10.5,10.8,10.2,10.35,167533,10.35
"468","ARAV",2017-11-08,10.5,10.5,9.6,9.9,158350,9.9
"469","ARAV",2017-11-09,10.2,11.1,9.9,11.1,210983,11.1
"470","ARAV",2017-11-10,11.1,11.4,10.5,10.65,172317,10.65
"471","ARAV",2017-11-13,10.5,11.85,10.5,11.4,220850,11.4
"472","ARAV",2017-11-14,11.4,11.7,10.5,10.5,119467,10.5
"473","ARAV",2017-11-15,10.5,10.56,10.2,10.2,94150,10.2
"474","ARAV",2017-11-16,10.2,11.4,10.2,11.1,128233,11.1
"475","ARAV",2017-11-17,10.8,11.4,10.5,10.95,118400,10.95
"476","ARAV",2017-11-20,10.8,11.1,10.5,10.8,93450,10.8
"477","ARAV",2017-11-21,10.8,11.4,10.8,10.95,145267,10.95
"478","ARAV",2017-11-22,10.8,11.4,10.8,11.1,132933,11.1
"479","ARAV",2017-11-24,11.1,12,11.1,11.55,118717,11.55
"480","ARAV",2017-11-27,11.7,12.03,11.4,11.55,96583,11.55
"481","ARAV",2017-11-28,11.4,12,11.25,12,94000,12
"482","ARAV",2017-11-29,11.7,12.6,11.4,11.7,177167,11.7
"483","ARAV",2017-11-30,12,12.3,11.7,11.7,109800,11.7
"484","ARAV",2017-12-01,11.7,14.1,11.4,13.5,431850,13.5
"485","ARAV",2017-12-04,13.5,14.1,12,12.15,288850,12.15
"486","ARAV",2017-12-05,12.3,12.6,12,12.15,151583,12.15
"487","ARAV",2017-12-06,13.8,14.4,12.9,14.1,468617,14.1
"488","ARAV",2017-12-07,14.4,14.7,13.05,13.5,338333,13.5
"489","ARAV",2017-12-08,13.5,13.8,13.2,13.5,112933,13.5
"490","ARAV",2017-12-11,13.2,13.8,12.6,12.75,217383,12.75
"491","ARAV",2017-12-12,12.6,12.9,11.7,11.85,212533,11.85
"492","ARAV",2017-12-13,11.7,12,11.1,11.7,193517,11.7
"493","ARAV",2017-12-14,11.7,12.3,11.4,11.7,152983,11.7
"494","ARAV",2017-12-15,11.4,12.3,11.4,11.7,355967,11.7
"495","ARAV",2017-12-18,11.7,12.6,11.7,12,167600,12
"496","ARAV",2017-12-19,12,12.9,11.73,12,153683,12
"497","ARAV",2017-12-20,12,12.6,12,12.6,153300,12.6
"498","ARAV",2017-12-21,12.6,12.9,12.3,12.6,105083,12.6
"499","ARAV",2017-12-22,12.6,12.9,12.3,12.3,108817,12.3
"500","ARAV",2017-12-26,12.3,12.6,12.3,12.3,66750,12.3
"501","ARAV",2017-12-27,12.3,13.17,12.3,12.75,329100,12.75
"502","ARAV",2017-12-28,12.9,13.5,12.6,13.2,175133,13.2
"503","ARAV",2017-12-29,12.9,13.5,12.9,13.2,122833,13.2
"504","ARAV",2018-01-02,13.2,14.1,13.2,13.8,122617,13.8
"505","ARAV",2018-01-03,14.1,14.7,13.5,13.65,162583,13.65
"506","ARAV",2018-01-04,13.5,13.8,12.654,13.5,166567,13.5
"507","ARAV",2018-01-05,13.5,13.8,13.35,13.65,35100,13.65
"508","ARAV",2018-01-08,13.5,13.8,12.3,12.3,199950,12.3
"509","ARAV",2018-01-09,12.3,12.6,12,12.45,76700,12.45
"510","ARAV",2018-01-10,12.3,12.6,12,12.6,159217,12.6
"511","ARAV",2018-01-11,12.6,12.9,12.15,12.45,100383,12.45
"512","ARAV",2018-01-12,12.6,12.9,12.3,12.9,35433,12.9
"513","ARAV",2018-01-16,12.6,13.5,12.6,12.75,56183,12.75
"514","ARAV",2018-01-17,12.9,13.05,12,12.3,76233,12.3
"515","ARAV",2018-01-18,12.3,12.6,12,12.3,99500,12.3
"516","ARAV",2018-01-19,12.3,13.05,12.15,12.9,71617,12.9
"517","ARAV",2018-01-22,12.9,13.2,12.6,12.75,55367,12.75
"518","ARAV",2018-01-23,12.9,13.2,12.6,12.9,107850,12.9
"519","ARAV",2018-01-24,12.9,13.2,12.6,12.75,105133,12.75
"520","ARAV",2018-01-25,12.9,13.2,12.6,12.9,89733,12.9
"521","ARAV",2018-01-26,12.9,13.05,12.3,12.6,74567,12.6
"522","ARAV",2018-01-29,12.3,12.75,12.3,12.3,50550,12.3
"523","ARAV",2018-01-30,12.3,12.6,11.7,12.3,165817,12.3
"524","ARAV",2018-01-31,12.3,12.9,12,12,88000,12
"525","ARAV",2018-02-01,12,12.3,11.7,11.85,52317,11.85
"526","ARAV",2018-02-02,11.7,11.85,10.8,10.8,228333,10.8
"527","ARAV",2018-02-05,11.1,12,10.8,10.95,133733,10.95
"528","ARAV",2018-02-06,10.8,11.4,10.5,10.8,133317,10.8
"529","ARAV",2018-02-07,10.8,11.1,10.65,10.8,68300,10.8
"530","ARAV",2018-02-08,10.8,11.1,10.5,10.8,93150,10.8
"531","ARAV",2018-02-09,10.8,11.1,9.6,10.2,193683,10.2
"532","ARAV",2018-02-12,10.5,10.8,10.2,10.8,55633,10.8
"533","ARAV",2018-02-13,10.5,10.65,10.2,10.35,38600,10.35
"534","ARAV",2018-02-14,10.2,10.65,10.2,10.35,59233,10.35
"535","ARAV",2018-02-15,10.2,10.5,10.2,10.2,75083,10.2
"536","ARAV",2018-02-16,10.2,10.5,9.9,10.2,117917,10.2
"537","ARAV",2018-02-20,10.2,10.5,9.9,10.2,51850,10.2
"538","ARAV",2018-02-21,10.2,10.5,9.9,10.35,62183,10.35
"539","ARAV",2018-02-22,10.2,10.5,9.9,10.05,53500,10.05
"540","ARAV",2018-02-23,9.9,10.2,9.6,9.9,74200,9.9
"541","ARAV",2018-02-26,9.9,10.2,9.6,9.6,122217,9.6
"542","ARAV",2018-02-27,9.6,9.9,9.6,9.6,66433,9.6
"543","ARAV",2018-02-28,9.6,9.9,9.6,9.6,128817,9.6
"544","ARAV",2018-03-01,9.6,9.9,9.3,9.3,162717,9.3
"545","ARAV",2018-03-02,10.2,10.8,9.6,10.65,237250,10.65
"546","ARAV",2018-03-05,10.5,11.1,10.2,11.1,130450,11.1
"547","ARAV",2018-03-06,11.1,11.7,10.8,11.4,121850,11.4
"548","ARAV",2018-03-07,11.1,11.4,10.8,10.8,47867,10.8
"549","ARAV",2018-03-08,10.8,11.4,10.8,10.8,45067,10.8
"550","ARAV",2018-03-09,10.8,11.43,10.8,11.4,65400,11.4
"551","ARAV",2018-03-12,11.4,11.43,10.8,10.95,52750,10.95
"552","ARAV",2018-03-13,11.4,11.43,10.5,10.5,68167,10.5
"553","ARAV",2018-03-14,10.5,11.1,10.5,10.5,32867,10.5
"554","ARAV",2018-03-15,10.5,11.1,10.5,11.1,53733,11.1
"555","ARAV",2018-03-16,11.1,11.1,10.5,10.8,50667,10.8
"556","ARAV",2018-03-19,10.8,10.896,10.2,10.35,57633,10.35
"557","ARAV",2018-03-20,10.5,10.5,9.9,10.2,29800,10.2
"558","ARAV",2018-03-21,10.2,11.1,10.2,10.8,56950,10.8
"559","ARAV",2018-03-22,10.8,11.1,10.2,10.2,60700,10.2
"560","ARAV",2018-03-23,10.5,10.8,9.9,9.9,133350,9.9
"561","ARAV",2018-03-26,10.2,10.5,9.9,10.2,41900,10.2
"562","ARAV",2018-03-27,10.2,10.26,9.6,9.6,69683,9.6
"563","ARAV",2018-03-28,9.9,10.2,9.6,9.9,83433,9.9
"564","ARAV",2018-03-29,9.9,10.2,9.6,9.9,49083,9.9
"565","ARAV",2018-04-02,9.9,9.93,9.45,9.6,63867,9.6
"566","ARAV",2018-04-03,9.6,9.9,9.6,9.6,64117,9.6
"567","ARAV",2018-04-04,9.6,9.9,9.3,9.45,146133,9.45
"568","ARAV",2018-04-05,9.3,9.9,9.3,9.6,45067,9.6
"569","ARAV",2018-04-06,9.6,9.9,9.3,9.3,28817,9.3
"570","ARAV",2018-04-09,9.3,9.6,9,9.45,86267,9.45
"571","ARAV",2018-04-10,9.6,10.8,9.3,9.6,142067,9.6
"572","ARAV",2018-04-11,9.6,10.2,9.6,10.05,35317,10.05
"573","ARAV",2018-04-12,10.2,10.2,9.9,9.9,23117,9.9
"574","ARAV",2018-04-13,9.9,10.2,9.6,9.75,30567,9.75
"575","ARAV",2018-04-16,9.9,10.2,9.6,9.6,46833,9.6
"576","ARAV",2018-04-17,9.6,9.9,9.6,9.6,38783,9.6
"577","ARAV",2018-04-18,9.6,9.9,9.3,9.45,51950,9.45
"578","ARAV",2018-04-19,9.6,9.6,9.3,9.45,33117,9.45
"579","ARAV",2018-04-20,9.3,9.6,9.3,9.3,65533,9.3
"580","ARAV",2018-04-23,9.3,9.6,9,9.45,51733,9.45
"581","ARAV",2018-04-24,9.3,9.6,9,9,64667,9
"582","ARAV",2018-04-25,9,9.3,9,9.15,29583,9.15
"583","ARAV",2018-04-26,9.3,9.3,9,9.3,35183,9.3
"584","ARAV",2018-04-27,9.3,9.63,9.06,9.3,37433,9.3
"585","ARAV",2018-04-30,9.3,9.6,8.7,9,96000,9
"586","ARAV",2018-05-01,9,9.3,9,9.3,36500,9.3
"587","ARAV",2018-05-02,9.3,9.3,9,9.15,26283,9.15
"588","ARAV",2018-05-03,9,9.6,9,9,46400,9
"589","ARAV",2018-05-04,9,9.9,9,9.75,112733,9.75
"590","ARAV",2018-05-07,9.9,9.9,9.6,9.75,23333,9.75
"591","ARAV",2018-05-08,9.6,9.6,9,9,47483,9
"592","ARAV",2018-05-09,9,9.27,8.1,8.55,164317,8.55
"593","ARAV",2018-05-10,8.4,8.7,8.1,8.7,117617,8.7
"594","ARAV",2018-05-11,8.7,8.7,8.4,8.7,47450,8.7
"595","ARAV",2018-05-14,8.7,9.3,8.55,9,83950,9
"596","ARAV",2018-05-15,9,9.6,8.7,9.3,109383,9.3
"597","ARAV",2018-05-16,9.6,9.6,9,9.3,18217,9.3
"598","ARAV",2018-05-17,9.3,9.6,9,9.3,22950,9.3
"599","ARAV",2018-05-18,9.6,9.6,8.7,9.3,43767,9.3
"600","ARAV",2018-05-21,9.3,9.3,9,9,26950,9
"601","ARAV",2018-05-22,9,9.03,8.7,9,30650,9
"602","ARAV",2018-05-23,9,9,8.7,9,12600,9
"603","ARAV",2018-05-24,9,9,8.7,9,16333,9
"604","ARAV",2018-05-25,9,9,8.4,8.55,58633,8.55
"605","ARAV",2018-05-29,8.4,8.55,8.1,8.25,102517,8.25
"606","ARAV",2018-05-30,8.4,9,8.1,8.7,66200,8.7
"607","ARAV",2018-05-31,9,9,8.4,8.4,28683,8.4
"608","ARAV",2018-06-01,8.4,8.85,8.4,8.7,37167,8.7
"609","ARAV",2018-06-04,10.5,10.8,8.1,9.3,1446750,9.3
"610","ARAV",2018-06-05,9.3,10.2,8.7,10.2,208583,10.2
"611","ARAV",2018-06-06,9.9,11.1,9.6,10.8,229783,10.8
"612","ARAV",2018-06-07,11.1,11.4,10.5,11.4,294150,11.4
"613","ARAV",2018-06-08,11.7,13.2,11.1,12.9,364083,12.9
"614","ARAV",2018-06-11,13.5,14.4,12,12.6,469817,12.6
"615","ARAV",2018-06-12,12.9,13.2,12.6,13.2,150733,13.2
"616","ARAV",2018-06-13,12.9,13.2,12.3,12.6,109550,12.6
"617","ARAV",2018-06-14,12.9,13.8,12.6,13.8,159333,13.8
"618","ARAV",2018-06-15,13.8,15.3,13.8,14.7,222483,14.7
"619","ARAV",2018-06-18,15,15.3,13.5,14.4,191550,14.4
"620","ARAV",2018-06-19,13.8,14.7,13.5,14.4,111167,14.4
"621","ARAV",2018-06-20,14.4,14.7,13.2,13.2,149400,13.2
"622","ARAV",2018-06-21,13.2,13.8,12.9,13.5,96467,13.5
"623","ARAV",2018-06-22,13.8,13.8,12.9,12.9,629883,12.9
"624","ARAV",2018-06-25,12.6,13.2,12.6,12.9,90200,12.9
"625","ARAV",2018-06-26,13.2,13.2,12.9,13.2,37567,13.2
"626","ARAV",2018-06-27,13.2,13.5,12.6,12.9,61500,12.9
"627","ARAV",2018-06-28,12.6,12.75,11.4,12,116283,12
"628","ARAV",2018-06-29,12,12.3,11.7,12.15,52200,12.15
"629","ARAV",2018-07-02,12.3,12.45,11.7,12.15,43733,12.15
"630","ARAV",2018-07-03,12.3,12.6,12,12.3,22550,12.3
"631","ARAV",2018-07-05,12.3,13.5,12.3,12.45,52417,12.45
"632","ARAV",2018-07-06,12.6,12.75,12,12.15,38717,12.15
"633","ARAV",2018-07-09,12,12.6,12,12.3,42217,12.3
"634","ARAV",2018-07-10,12.3,12.9,12,12,53900,12
"635","ARAV",2018-07-11,12.9,12.9,12,12.6,81167,12.6
"636","ARAV",2018-07-12,12.9,12.9,12.3,12.3,16067,12.3
"637","ARAV",2018-07-13,12.3,12.6,12,12.3,19850,12.3
"638","ARAV",2018-07-16,12.3,12.3,12,12,21283,12
"639","ARAV",2018-07-17,12,12.6,12,12.6,36000,12.6
"640","ARAV",2018-07-18,12.6,12.6,12,12.3,18933,12.3
"641","ARAV",2018-07-19,12,12.3,12,12,17167,12
"642","ARAV",2018-07-20,12,12.3,12,12.15,19517,12.15
"643","ARAV",2018-07-23,12,12.3,12,12,13450,12
"644","ARAV",2018-07-24,12,12.6,12,12,51067,12
"645","ARAV",2018-07-25,12,12.3,10.5,11.1,189867,11.1
"646","ARAV",2018-07-26,11.1,11.7,10.8,11.4,69800,11.4
"647","ARAV",2018-07-27,11.4,11.4,10.8,10.8,20083,10.8
"648","ARAV",2018-07-30,10.8,10.95,10.2,10.65,45900,10.65
"649","ARAV",2018-07-31,10.8,10.8,10.2,10.2,31100,10.2
"650","ARAV",2018-08-01,10.2,10.8,10.2,10.65,10300,10.65
"651","ARAV",2018-08-02,10.5,10.8,10.2,10.5,21550,10.5
"652","ARAV",2018-08-03,10.5,10.5,10.5,10.5,10000,10.5
"653","ARAV",2018-08-06,10.5,10.8,10.5,10.5,10500,10.5
"654","ARAV",2018-08-07,10.5,10.8,10.5,10.65,9950,10.65
"655","ARAV",2018-08-08,10.5,11.1,10.5,10.5,9000,10.5
"656","ARAV",2018-08-09,10.5,10.8,10.2,10.5,25733,10.5
"657","ARAV",2018-08-10,10.2,10.5,9.9,10.35,21667,10.35
"658","ARAV",2018-08-13,10.2,10.5,9.9,9.9,26600,9.9
"659","ARAV",2018-08-14,9.9,10.8,9.9,10.5,18767,10.5
"660","ARAV",2018-08-15,10.2,10.5,9.9,10.2,22150,10.2
"661","ARAV",2018-08-16,10.2,10.8,9.9,10.5,39583,10.5
"662","ARAV",2018-08-17,10.5,11.1,10.2,10.8,34033,10.8
"663","ARAV",2018-08-20,10.8,11.4,10.5,10.5,44433,10.5
"664","ARAV",2018-08-21,10.5,11.1,10.2,10.2,22167,10.2
"665","ARAV",2018-08-22,10.2,10.5,10.2,10.35,18400,10.35
"666","ARAV",2018-08-23,10.2,10.5,10.2,10.2,5283,10.2
"667","ARAV",2018-08-24,10.5,11.1,10.23,10.8,30233,10.8
"668","ARAV",2018-08-27,10.8,11.1,10.5,10.8,14317,10.8
"669","ARAV",2018-08-28,10.8,11.1,10.5,10.8,46783,10.8
"670","ARAV",2018-08-29,10.8,11.1,10.8,10.8,20500,10.8
"671","ARAV",2018-08-30,10.8,11.4,10.8,11.25,11750,11.25
"672","ARAV",2018-08-31,11.1,12,10.8,10.8,21883,10.8
"673","ARAV",2018-09-04,11.1,11.13,10.5,10.5,13300,10.5
"674","ARAV",2018-09-05,10.8,10.95,10.2,10.2,24083,10.2
"675","ARAV",2018-09-06,10.2,10.5,9.9,9.9,55733,9.9
"676","ARAV",2018-09-07,10.2,10.2,9.6,9.6,23167,9.6
"677","ARAV",2018-09-10,9.6,9.78,9.3,9.3,26917,9.3
"678","ARAV",2018-09-11,9.3,9.6,9,9,40817,9
"679","ARAV",2018-09-12,9,9.6,9,9.3,21900,9.3
"680","ARAV",2018-09-13,9,9.3,8.4,8.55,84000,8.55
"681","ARAV",2018-09-14,8.7,9,8.4,8.7,26467,8.7
"682","ARAV",2018-09-17,8.7,9,8.4,8.7,142467,8.7
"683","ARAV",2018-09-18,8.7,9,8.4,8.4,43017,8.4
"684","ARAV",2018-09-19,8.4,9,8.4,8.55,44500,8.55
"685","ARAV",2018-09-20,8.4,8.7,8.1,8.4,67550,8.4
"686","ARAV",2018-09-21,8.1,8.4,7.8,8.4,68000,8.4
"687","ARAV",2018-09-24,8.1,8.4,8.1,8.4,22617,8.4
"688","ARAV",2018-09-25,8.4,8.7,8.1,8.7,42567,8.7
"689","ARAV",2018-09-26,8.7,9.6,8.43,9.15,52617,9.15
"690","ARAV",2018-09-27,9.3,9.6,9,9,37133,9
"691","ARAV",2018-09-28,9,9.468,8.4,8.4,18333,8.4
"692","ARAV",2018-10-01,8.58,9.06,8.442,8.7,32700,8.7
"693","ARAV",2018-10-02,8.64,8.898,8.4,8.43,36200,8.43
"694","ARAV",2018-10-03,8.4,8.7,8.1,8.4,52150,8.4
"695","ARAV",2018-10-04,8.34,8.7,8.1,8.16,23917,8.16
"696","ARAV",2018-10-05,8.22,8.4,7.92,8.04,33400,8.04
"697","ARAV",2018-10-08,8.1,8.22,7.8,7.8,18417,7.8
"698","ARAV",2018-10-09,7.8,8.04,7.56,7.92,34783,7.92
"699","ARAV",2018-10-10,7.92,8.16,7.38,7.56,31700,7.56
"700","ARAV",2018-10-11,7.5,7.56,6.9,7.08,50050,7.08
"701","ARAV",2018-10-12,7.26,7.44,6.84,7.26,24083,7.26
"702","ARAV",2018-10-15,7.32,7.8,7.08,7.14,58333,7.14
"703","ARAV",2018-10-16,6.52,7.7,6.25,7.15,67300,7.15
"704","ARAV",2018-10-17,6.95,7.2,6.875,7.06,45000,7.06
"705","ARAV",2018-10-18,6.5,7.25,6.5,6.8,69400,6.8
"706","ARAV",2018-10-19,6.51,6.85,5.79,6.07,61000,6.07
"707","ARAV",2018-10-22,6.09,6.57,5.8,5.9,35700,5.9
"708","ARAV",2018-10-23,5.7,5.9,5.46,5.76,73300,5.76
"709","ARAV",2018-10-24,5.56,5.96,5.21,5.3,67100,5.3
"710","ARAV",2018-10-25,5.35,5.55,5.095,5.1,117000,5.1
"711","ARAV",2018-10-26,5.01,5.375,5,5.22,69500,5.22
"712","ARAV",2018-10-29,5.34,5.95,5.03,5.69,44800,5.69
"713","ARAV",2018-10-30,5.64,5.95,5.46,5.78,30700,5.78
"714","ARAV",2018-10-31,5.95,6,5.22,5.9,147200,5.9
"715","ARAV",2018-11-01,5.78,6.4,5.294,5.95,61600,5.95
"716","ARAV",2018-11-02,5.92,6.09,5.69,5.88,47400,5.88
"717","ARAV",2018-11-05,5.85,6.07,5.55,5.58,39000,5.58
"718","ARAV",2018-11-06,5.64,6.32,5.64,6.01,68700,6.01
"719","ARAV",2018-11-07,6.05,6.743,5.95,6.5,94600,6.5
"720","ARAV",2018-11-08,6.54,6.565,5.7,6.5,34500,6.5
"721","ARAV",2018-11-09,6.66,7.09,6.63,7.03,70200,7.03
"722","ARAV",2018-11-12,7.01,7.07,6.34,6.52,46000,6.52
"723","ARAV",2018-11-13,6.91,6.91,6.1,6.41,69900,6.41
"724","ARAV",2018-11-14,6.6,6.6,5.55,6.24,50900,6.24
"725","ARAV",2018-11-15,5.84,6.17,5.6,5.91,28500,5.91
"726","ARAV",2018-11-16,5.82,6.18,5.82,6.01,43900,6.01
"727","ARAV",2018-11-19,6.14,6.14,5.38,5.662,78400,5.662
"728","ARAV",2018-11-20,5.61,5.98,5.45,5.92,70800,5.92
"729","ARAV",2018-11-21,5.6,6,5.562,5.89,8500,5.89
"730","ARAV",2018-11-23,5.97,5.98,5.4,5.62,11200,5.62
"731","ARAV",2018-11-26,5.7,5.88,5.52,5.815,12700,5.815
"732","ARAV",2018-11-27,5.64,5.69,5.42,5.55,18300,5.55
"733","ARAV",2018-11-28,5.57,5.66,5.42,5.5,11000,5.5
"734","ARAV",2018-11-29,5.54,5.82,5.39,5.82,16800,5.82
"735","ARAV",2018-11-30,5.76,5.76,5.5,5.52,28900,5.52
"736","ARAV",2018-12-03,5.62,5.85,5.23,5.25,20000,5.25
"737","ARAV",2018-12-04,5.26,5.44,4.82,5.03,63600,5.03
"738","ARAV",2018-12-06,4.9,5.23,4.866,5.1,39300,5.1
"739","ARAV",2018-12-07,5.13,5.13,4.59,4.6,20500,4.6
"740","ARAV",2018-12-10,4.7,4.82,4.09,4.79,75400,4.79
"741","ARAV",2018-12-11,4.57,4.83,4.007,4.82,36200,4.82
"742","ARAV",2018-12-12,4.87,4.88,4.56,4.78,52600,4.78
"743","ARAV",2018-12-13,4.66,4.82,4.383,4.71,57000,4.71
"744","ARAV",2018-12-14,4.78,4.79,4.42,4.42,15900,4.42
"745","ARAV",2018-12-17,3.92,4.315,3.75,3.86,99900,3.86
"746","ARAV",2018-12-18,3.9,3.9,3.49,3.6,74600,3.6
"747","ARAV",2018-12-19,3.63,3.8,3.47,3.53,43000,3.53
"748","ARAV",2018-12-20,3.5,3.54,3.14,3.45,125400,3.45
"749","ARAV",2018-12-21,3.23,3.45,3.131,3.38,81200,3.38
"750","ARAV",2018-12-24,3.39,3.41,3.11,3.4,59300,3.4
"751","ARAV",2018-12-26,3.25,3.45,3.07,3.4,60400,3.4
"752","ARAV",2018-12-27,3.39,3.39,3.176,3.23,28800,3.23
"753","ARAV",2018-12-28,3.23,3.78,3.22,3.41,104200,3.41
"754","ARAV",2018-12-31,3.42,3.64,3.27,3.52,84200,3.52
"755","ARAV",2019-01-02,3.5,3.8,3.44,3.64,20900,3.64
"756","ARAV",2019-01-03,3.68,3.81,3.36,3.61,27000,3.61
"757","ARAV",2019-01-04,3.7,3.92,3.7,3.88,40600,3.88
"758","ARAV",2019-01-07,3.9,3.98,3.77,3.94,47200,3.94
"759","ARAV",2019-01-08,3.97,4.28,3.94,3.94,81000,3.94
"760","ARAV",2019-01-09,3.99,4.017,3.85,3.97,3800,3.97
"761","ARAV",2019-01-10,3.85,3.99,3.85,3.87,16100,3.87
"762","ARAV",2019-01-11,3.83,3.97,3.8,3.87,32500,3.87
"763","ARAV",2019-01-14,3.961,3.97,3.78,3.85,16800,3.85
"764","ARAV",2019-01-15,3.93,3.94,3.71,3.94,18500,3.94
"765","ARAV",2019-01-16,3.83,3.99,3.74,3.9,10700,3.9
"766","ARAV",2019-01-17,3.92,3.96,3.68,3.69,19100,3.69
"767","ARAV",2019-01-18,3.67,3.918,3.67,3.72,8500,3.72
"768","ARAV",2019-01-22,3.73,3.76,3.61,3.61,3300,3.61
"769","ARAV",2019-01-23,3.65,3.71,3.43,3.5,8600,3.5
"770","ARAV",2019-01-24,3.52,3.7,3.22,3.35,12900,3.35
"771","ARAV",2019-01-25,3.51,3.82,3.4,3.47,30800,3.47
"772","ARAV",2019-01-28,3.47,3.78,3.47,3.54,9400,3.54
"773","ARAV",2019-01-29,3.69,3.7,3.5,3.69,33300,3.69
"774","ARAV",2019-01-30,3.61,3.925,3.55,3.79,33600,3.79
"775","ARAV",2019-01-31,3.75,4.5,3.7,4.02,71500,4.02
"776","ARAV",2019-02-01,4.14,4.635,4,4.2,30800,4.2
"777","ARAV",2019-02-04,4.055,4.32,4.055,4.25,106300,4.25
"778","ARAV",2019-02-05,4.21,4.5,4.181,4.45,9100,4.45
"779","ARAV",2019-02-06,4.46,4.806,4.45,4.695,20500,4.695
"780","ARAV",2019-02-07,4.74,5,4.6,4.98,43700,4.98
"781","ARAV",2019-02-08,4.97,4.97,4.7,4.78,26200,4.78
"782","ARAV",2019-02-11,4.89,4.97,4.75,4.82,13600,4.82
"783","ARAV",2019-02-12,4.94,4.96,4.75,4.84,24200,4.84
"784","ARAV",2019-02-13,4.83,4.92,4.75,4.767,17100,4.767
"785","ARAV",2019-02-14,4.774,4.96,4.7,4.7,10100,4.7
"786","ARAV",2019-02-15,4.724,5,4.7,4.76,30300,4.76
"787","ARAV",2019-02-19,4.76,5.29,4.76,5.25,14100,5.25
"788","ARAV",2019-02-20,5.25,5.25,5.025,5.08,13600,5.08
"789","ARAV",2019-02-21,5.09,5.34,4.947,5.044,28900,5.044
"790","ARAV",2019-02-22,5.29,5.35,5.07,5.35,17200,5.35
"791","ARAV",2019-02-25,5.4,5.58,5.26,5.58,28600,5.58
"792","ARAV",2019-02-26,5.64,5.84,5.28,5.31,10600,5.31
"793","ARAV",2019-02-27,5.32,5.65,5.17,5.39,14100,5.39
"794","ARAV",2019-02-28,5.39,5.931,5.32,5.83,39600,5.83
"795","ARAV",2019-03-01,5.89,5.97,5.194,5.87,9500,5.87
"796","ARAV",2019-03-04,5.558,5.92,5.558,5.92,11500,5.92
"797","ARAV",2019-03-05,5.6,6.24,5.6,6.24,21000,6.24
"798","ARAV",2019-03-06,6.84,6.84,6.26,6.74,52600,6.74
"799","ARAV",2019-03-07,6.7,7.014,6.43,6.73,120300,6.73
"800","ARAV",2019-03-08,6.78,6.78,6.055,6.65,32800,6.65
"801","ARAV",2019-03-11,6.585,6.67,6.21,6.55,24500,6.55
"802","ARAV",2019-03-12,6.149,6.59,6.149,6.56,26900,6.56
"803","ARAV",2019-03-13,6.68,6.68,6.21,6.35,14600,6.35
"804","ARAV",2019-03-14,6.33,6.33,5.98,6.07,33700,6.07
"805","ARAV",2019-03-15,6.15,6.35,5.93,6.02,17200,6.02
"806","ARAV",2019-03-18,6,6.6,5.81,6.6,15300,6.6
"807","ARAV",2019-03-19,7,7.85,6.619,7.69,125200,7.69
"808","ARAV",2019-03-20,7.64,8.57,7.21,8.18,76300,8.18
"809","ARAV",2019-03-21,8.21,8.289,7.84,7.84,20200,7.84
"810","ARAV",2019-03-22,7.84,8.28,7.82,8.265,43200,8.265
"811","ARAV",2019-03-25,8.25,8.25,7.91,8.2,21400,8.2
"812","ARAV",2019-03-26,8.2,8.2,7.18,7.37,27800,7.37
"813","ARAV",2019-03-27,8.35,8.35,6.935,7.37,16100,7.37
"814","ARAV",2019-03-28,7.33,7.34,6.535,7.01,16700,7.01
"815","ARAV",2019-03-29,6.99,7.6,6.814,7.04,22900,7.04
"816","ARAV",2019-04-01,7.1,7.343,7.03,7.25,24300,7.25
"817","ARAV",2019-04-02,7.38,7.406,7.125,7.2,10600,7.2
"818","ARAV",2019-04-03,7.5,7.5,7.2,7.5,9400,7.5
"819","ARAV",2019-04-04,7.44,7.48,6.9,7.19,9200,7.19
"820","ARAV",2019-04-05,7.18,7.2,6.92,6.97,9300,6.97
"821","ARAV",2019-04-08,6.96,7.03,6.45,6.56,12400,6.56
"822","ARAV",2019-04-09,6.66,6.953,6.31,6.5,39900,6.5
"823","ARAV",2019-04-10,6.54,7,6.53,6.58,19300,6.58
"824","ARAV",2019-04-11,6.56,6.91,6.55,6.55,33200,6.55
"825","ARAV",2019-04-12,6.55,6.75,6.55,6.68,7700,6.68
"826","ARAV",2019-04-15,6.75,6.75,6.32,6.43,16700,6.43
"827","ARAV",2019-04-16,6.4,6.79,6.15,6.4,12700,6.4
"828","ARAV",2019-04-17,6.41,6.49,6,6,8500,6
"829","ARAV",2019-04-18,6.11,6.295,6.031,6.23,10000,6.23
"830","ARAV",2019-04-22,6.41,6.42,6.19,6.29,4700,6.29
"831","ARAV",2019-04-23,6.38,6.9,6.35,6.84,7900,6.84
"832","ARAV",2019-04-24,6.78,6.78,6.3,6.3,13700,6.3
"833","ARAV",2019-04-25,6.3,6.345,4.97,5.65,71800,5.65
"834","ARAV",2019-04-26,5.8,5.85,5.68,5.79,13200,5.79
"835","ARAV",2019-04-29,6,6.45,6,6.45,13000,6.45
"836","ARAV",2019-04-30,6.48,6.5,6.29,6.39,6300,6.39
"837","ARAV",2019-05-01,6.39,6.39,6.07,6.31,10600,6.31
"838","ARAV",2019-05-02,6.1,6.3,6.05,6.06,14200,6.06
"839","ARAV",2019-05-03,6.09,6.41,6.09,6.27,6600,6.27
"840","ARAV",2019-05-06,6.15,6.82,6.07,6.42,20400,6.42
"841","ARAV",2019-05-07,6.625,6.625,6.22,6.32,9900,6.32
"842","ARAV",2019-05-08,6.333,6.64,6.25,6.42,4900,6.42
"843","ARAV",2019-05-09,6.22,6.31,6.07,6.13,4900,6.13
"844","ARAV",2019-05-10,6.11,6.37,6.06,6.09,11300,6.09
"845","ARAV",2019-05-13,6.17,6.374,6,6.01,10400,6.01
"846","ARAV",2019-05-14,6.49,6.49,6.16,6.45,35600,6.45
"847","ARAV",2019-05-15,6.4,6.5,6.261,6.42,11100,6.42
"848","ARAV",2019-05-16,6.52,6.82,6.11,6.11,17900,6.11
"849","ARAV",2019-05-17,6.13,6.45,6.13,6.38,7000,6.38
"850","ARAV",2019-05-20,6.27,6.64,6.05,6.11,49100,6.11
"851","ARAV",2019-05-21,6.02,6.39,5.51,6.39,50800,6.39
"852","ARAV",2019-05-22,5.91,6.31,5.91,6.06,17900,6.06
"853","ARAV",2019-05-23,6.05,6.19,5.785,6.17,45600,6.17
"854","ARAV",2019-05-24,6.17,6.24,5.94,6.19,18400,6.19
"855","ARAV",2019-05-28,6.16,6.2,6.026,6.13,10800,6.13
"856","ARAV",2019-05-29,6.044,6.05,5.934,5.98,12600,5.98
"857","ARAV",2019-05-30,5.98,6.5,5.8,6.21,21200,6.21
"858","ARAV",2019-05-31,6.11,6.15,5.766,5.81,10900,5.81
"859","ARAV",2019-06-03,5.87,6.05,5.78,6.05,11800,6.05
"860","ARAV",2019-06-04,6.06,6.06,5.81,5.945,11300,5.945
"861","ARAV",2019-06-05,5.93,5.93,5.657,5.79,8100,5.79
"862","ARAV",2019-06-06,5.69,5.963,5.65,5.94,13000,5.94
"863","ARAV",2019-06-07,5.658,6.03,5.534,5.89,22800,5.89
"864","ARAV",2019-06-10,5.995,6.06,5.804,6.05,18200,6.05
"865","ARAV",2019-06-11,6,6.16,5.915,5.97,11500,5.97
"866","ARAV",2019-06-12,6.15,6.15,5.69,5.69,1500,5.69
"867","ARAV",2019-06-13,5.92,6.1,5.82,5.82,10200,5.82
"868","ARAV",2019-06-14,5.8,5.95,5.76,5.95,18900,5.95
"869","ARAV",2019-06-17,5.82,5.85,5.77,5.85,2200,5.85
"870","ARAV",2019-06-18,5.8,5.97,5.8,5.93,8800,5.93
"871","ARAV",2019-06-19,5.88,6.045,5.81,5.95,15500,5.95
"872","ARAV",2019-06-20,5.93,6.1,5.841,5.99,7100,5.99
"873","ARAV",2019-06-21,6.01,6.05,5.939,5.97,3300,5.97
"874","ARAV",2019-06-24,5.93,6,5.93,5.955,1900,5.955
"875","ARAV",2019-06-25,5.87,6,5.76,6,8900,6
"876","ARAV",2019-06-26,5.98,5.98,5.75,5.9,13700,5.9
"877","ARAV",2019-06-27,5.87,5.99,5.608,5.99,1300,5.99
"878","ARAV",2019-06-28,5.76,6,5.76,6,9700,6
"879","ARAV",2019-07-01,6,6,5.81,5.97,14100,5.97
"880","ARAV",2019-07-02,5.9,5.9,5.66,5.73,6000,5.73
"881","ARAV",2019-07-03,5.68,5.89,5.61,5.721,17400,5.721
"882","ARAV",2019-07-05,5.78,5.89,5.72,5.72,21000,5.72
"883","ARAV",2019-07-08,5.75,5.85,5.6,5.67,8600,5.67
"884","ARAV",2019-07-09,5.73,6,5.69,6,7600,6
"885","ARAV",2019-07-10,6,6,5.801,6,12900,6
"886","ARAV",2019-07-11,5.899,6,5.86,6,3000,6
"887","ARAV",2019-07-12,6,6,5.9,5.9,12200,5.9
"888","ARAV",2019-07-15,5.96,5.96,5.5,5.71,50400,5.71
"889","ARAV",2019-07-16,5.84,5.84,5.62,5.62,2300,5.62
"890","ARAV",2019-07-17,5.73,5.76,5.61,5.61,10900,5.61
"891","ARAV",2019-07-18,5.655,5.655,5.138,5.3,124500,5.3
"892","ARAV",2019-07-19,5.39,5.39,5.2,5.35,14900,5.35
"893","ARAV",2019-07-22,5.3,5.55,5.07,5.2,76200,5.2
"894","ARAV",2019-07-23,5.18,5.49,5.06,5.27,5200,5.27
"895","ARAV",2019-07-24,5.28,5.64,5.28,5.64,16000,5.64
"896","ARAV",2019-07-25,5.56,5.73,5.56,5.68,3400,5.68
"897","ARAV",2019-07-26,5.64,5.8,5.63,5.68,2500,5.68
"898","ARAV",2019-07-29,5.73,5.88,5.603,5.69,9300,5.69
"899","ARAV",2019-07-30,5.9,5.9,5.75,5.829,5900,5.829
"900","ARAV",2019-07-31,5.89,6.849,5.88,6.55,88200,6.55
"901","ARAV",2019-08-01,6.69,6.7,6.57,6.6,40700,6.6
"902","ARAV",2019-08-02,6.59,7.06,6.291,6.56,24000,6.56
"903","ARAV",2019-08-05,6.01,6.7,6.01,6.2,9000,6.2
"904","ARAV",2019-08-06,6.601,6.895,6.071,6.89,27800,6.89
"905","ARAV",2019-08-07,6.54,6.88,6.49,6.88,16700,6.88
"906","ARAV",2019-08-08,7.29,7.29,6.555,6.6,11900,6.6
"907","ARAV",2019-08-09,6.55,6.68,6.01,6.15,20100,6.15
"908","ARAV",2019-08-12,6.32,6.68,6.181,6.46,10900,6.46
"909","ARAV",2019-08-13,6.7,6.7,6.16,6.21,16500,6.21
"910","ARAV",2019-08-14,6.17,6.64,6.1,6.4,11100,6.4
"911","ARAV",2019-08-15,6.899,6.899,6.15,6.15,12700,6.15
"912","ARAV",2019-08-16,6.22,6.5,6.16,6.25,26000,6.25
"913","ARAV",2019-08-19,6.258,6.6,6.18,6.23,12600,6.23
"914","ARAV",2019-08-20,6.35,6.42,6.04,6.12,2800,6.12
"915","ARAV",2019-08-21,6.12,6.3,5.78,6.08,28100,6.08
"916","ARAV",2019-08-22,6.11,6.17,5.75,6.09,28000,6.09
"917","ARAV",2019-08-23,5.93,6.11,5.61,5.8,26700,5.8
"918","ARAV",2019-08-26,5.99,5.99,5.63,5.69,14100,5.69
"919","ARAV",2019-08-27,5.86,6,5.28,5.28,21300,5.28
"920","ARAV",2019-08-28,5.34,6.2,5.337,5.64,16100,5.64
"921","ARAV",2019-08-29,5.89,5.92,5.47,5.6,22200,5.6
"922","ARAV",2019-08-30,5.88,5.98,5.525,5.96,29200,5.96
"923","ARAV",2019-09-03,5.98,6.006,5.62,5.84,9600,5.84
"924","ARAV",2019-09-04,5.85,5.91,5.67,5.88,24700,5.88
"925","ARAV",2019-09-05,5.89,5.89,5.551,5.6,2400,5.6
"926","ARAV",2019-09-06,5.57,5.9,5.57,5.7,7600,5.7
"927","ARAV",2019-09-09,5.7,5.9,5.59,5.648,13800,5.648
"928","ARAV",2019-09-10,5.69,5.85,5.6,5.665,47900,5.665
"929","ARAV",2019-09-11,5.65,6,5.65,5.8,32500,5.8
"930","ARAV",2019-09-12,5.68,5.97,5.68,5.77,19400,5.77
"931","ARAV",2019-09-13,5.77,5.975,5.73,5.78,20600,5.78
"932","ARAV",2019-09-16,5.67,5.99,5.67,5.85,43500,5.85
"933","ARAV",2019-09-17,5.75,5.96,5.75,5.92,7500,5.92
"934","ARAV",2019-09-18,5.84,7.776,5.836,6.94,164300,6.94
"935","ARAV",2019-09-19,7,8.15,7,8.08,130800,8.08
"936","ARAV",2019-09-20,7.77,8.35,7.77,8.35,98800,8.35
"937","ARAV",2019-09-23,8.32,8.74,8.09,8.49,74400,8.49
"938","ARAV",2019-09-24,8.6,8.82,8.212,8.67,44300,8.67
"939","ARAV",2019-09-25,8.73,8.73,8.428,8.57,23900,8.57
"940","ARAV",2019-09-26,8.54,8.54,8.181,8.47,29000,8.47
"941","ARAV",2019-09-27,8.66,9.72,8.52,8.68,139700,8.68
"942","ARAV",2019-09-30,8.62,8.62,7.5,7.5,61500,7.5
"943","ARAV",2019-10-01,7.5,7.65,6.85,7,48000,7
"944","ARAV",2019-10-02,6.94,7.16,6.739,6.83,17700,6.83
"945","ARAV",2019-10-03,7.199,7.427,6.71,6.71,27500,6.71
"946","ARAV",2019-10-04,6.9,7.21,6.73,7.08,14400,7.08
"947","ARAV",2019-10-07,6.82,6.98,6.385,6.43,24800,6.43
"948","ARAV",2019-10-08,6.42,6.75,6.38,6.48,20700,6.48
"949","ARAV",2019-10-09,6.552,6.58,6.4,6.54,12800,6.54
"950","ARAV",2019-10-10,6.61,7.38,6.61,6.68,50300,6.68
"951","ARAV",2019-10-11,6.9,6.96,6.74,6.79,5200,6.79
"952","ARAV",2019-10-14,6.572,7.06,6.572,7.06,5700,7.06
"953","ARAV",2019-10-15,7.06,7.06,6.78,6.99,15000,6.99
"954","ARAV",2019-10-16,6.88,7.056,6.58,6.69,5000,6.69
"955","ARAV",2019-10-17,6.905,6.905,6.39,6.46,32800,6.46
"956","ARAV",2019-10-18,6.55,6.82,6.42,6.42,11600,6.42
"957","ARAV",2019-10-21,6.45,6.77,6.45,6.52,13000,6.52
"958","ARAV",2019-10-22,6.57,6.83,6.15,6.83,20700,6.83
"959","ARAV",2019-10-23,6.67,6.79,6.39,6.46,6900,6.46
"960","ARAV",2019-10-24,6.5,6.5,6.2,6.205,8300,6.205
"961","ARAV",2019-10-25,6.3,6.6,6.24,6.6,4800,6.6
"962","ARAV",2019-10-28,6.74,6.84,6.41,6.48,11000,6.48
"963","ARAV",2019-10-29,6.37,6.73,6.37,6.62,23700,6.62
"964","ARAV",2019-10-30,6.81,6.84,6.5,6.63,13400,6.63
"965","ARAV",2019-10-31,6.63,6.64,6.49,6.58,3100,6.58
"966","ARAV",2019-11-01,6.65,6.74,6.25,6.64,15800,6.64
"967","ARAV",2019-11-04,6.46,6.74,6.33,6.7,16500,6.7
"968","ARAV",2019-11-05,6.68,6.92,6.658,6.73,6900,6.73
"969","ARAV",2019-11-06,6.73,6.73,6.49,6.515,6100,6.515
"970","ARAV",2019-11-07,6.568,6.77,6.42,6.52,22400,6.52
"971","ARAV",2019-11-08,6.28,6.652,6.21,6.53,5400,6.53
"972","ARAV",2019-11-11,6.51,6.9,6.35,6.64,21000,6.64
"973","ARAV",2019-11-12,6.372,6.75,6.372,6.75,6700,6.75
"974","ARAV",2019-11-13,6.663,6.663,6.26,6.55,16900,6.55
"975","ARAV",2019-11-14,6.6,6.749,6.524,6.64,11000,6.64
"976","ARAV",2019-11-15,6.666,6.75,6.55,6.75,6400,6.75
"977","ARAV",2019-11-18,6.67,6.73,6.47,6.47,11500,6.47
"978","ARAV",2019-11-19,6.6,6.74,6.47,6.69,7500,6.69
"979","ARAV",2019-11-20,13.46,15.62,9.6,9.64,14765500,9.64
"980","ARAV",2019-11-21,9.35,11.187,8.8,10,1721600,10
"981","ARAV",2019-11-22,9.71,9.89,9,9.5,366900,9.5
"982","ARAV",2019-11-25,9.27,9.83,9.27,9.52,153300,9.52
"983","ARAV",2019-11-26,9.34,9.72,9.05,9.4,226200,9.4
"984","ARAV",2019-11-27,7.7,8.44,7.5,8.25,2697900,8.25
"985","ARAV",2019-11-29,8.46,9.62,8.41,9.62,365700,9.62
"986","ARAV",2019-12-02,9.93,11,9.61,10.65,1026200,10.65
"987","ARAV",2019-12-03,10.62,11.6,10.56,11.53,957800,11.53
"988","ARAV",2019-12-04,11.7,11.99,11.04,11.99,515000,11.99
"989","ARAV",2019-12-05,11.78,11.98,11.06,11.48,358300,11.48
"990","ARAV",2019-12-06,11.32,11.82,10.1,10.73,425600,10.73
"991","ARAV",2019-12-09,10.51,11.71,10.41,11.26,199200,11.26
"992","ARAV",2019-12-10,11.61,12.535,11.61,12.32,735400,12.32
"993","ARAV",2019-12-11,12.5,13,12.11,12.59,382200,12.59
"994","ARAV",2019-12-12,12.55,12.94,12.177,12.94,334200,12.94
"995","ARAV",2019-12-13,12.9,13.44,12.758,12.99,306300,12.99
"996","ARAV",2019-12-16,13.04,13.75,13.04,13.43,380500,13.43
"997","ARAV",2019-12-17,13.36,13.5,13.01,13.22,292200,13.22
"998","ARAV",2019-12-18,13.21,13.23,12.08,12.17,324300,12.17
"999","ARAV",2019-12-19,12.17,12.63,11.9,12,274400,12
"1000","ARAV",2019-12-20,12.05,12.34,11.16,11.67,432600,11.67
"1001","ARAV",2019-12-23,11.61,12.5,11.53,12.08,370400,12.08
"1002","ARAV",2019-12-24,12.08,12.72,12,12.6,174300,12.6
"1003","ARAV",2019-12-26,12.57,13.54,12.38,13.48,358300,13.48
"1004","ARAV",2019-12-27,13.48,14.58,13.48,14.02,537600,14.02
"1005","ARAV",2019-12-30,14,14.375,13.1,13.88,345000,13.88
"1006","ARAV",2019-12-31,13.97,14,13.26,13.67,264800,13.67
"1007","ARAV",2020-01-02,13.77,13.8,13.25,13.39,280800,13.39
"1008","ARAV",2020-01-03,13.2,13.23,12.26,12.6,323500,12.6
"1009","ARAV",2020-01-06,12.51,13.139,12.27,12.75,228200,12.75
"1010","ARAV",2020-01-07,12.92,13.69,12.47,13.35,283600,13.35
"1011","ARAV",2020-01-08,13.4,13.6,12.62,13.49,314600,13.49
"1012","ARAV",2020-01-09,13.55,14.35,13.16,13.77,306300,13.77
"1013","ARAV",2020-01-10,13.84,13.98,12.86,13.11,311800,13.11
"1014","ARAV",2020-01-13,13.17,13.4,12.53,13.18,214400,13.18
"1015","ARAV",2020-01-14,13.22,13.68,12.91,13.3,139700,13.3
"1016","ARAV",2020-01-15,13.28,13.845,13.28,13.52,107900,13.52
"1017","ARAV",2020-01-16,13.65,13.69,12.78,12.79,171100,12.79
"1018","ARAV",2020-01-17,12.83,13.15,12.53,12.53,131500,12.53
"1019","ARAV",2020-01-21,12.5,12.65,11.985,11.99,161700,11.99
"1020","ARAV",2020-01-22,11.97,12.2,10.8,10.84,202700,10.84
"1021","ARAV",2020-01-23,10.85,11.07,10.2,10.91,267900,10.91
"1022","ARAV",2020-01-24,10.94,11.03,10.54,10.73,103500,10.73
"1023","ARAV",2020-01-27,10.36,10.93,10.31,10.63,95100,10.63
"1024","ARAV",2020-01-28,10.64,10.87,10.55,10.68,68100,10.68
"1025","ARAV",2020-01-29,10.68,10.77,10.51,10.56,64300,10.56
"1026","ARAV",2020-01-30,10.46,10.46,10.08,10.17,94000,10.17
"1027","ARAV",2020-01-31,10.13,10.2,9.77,10,87200,10
"1028","ARAV",2020-02-03,9.95,10.161,9.525,9.62,137800,9.62
"1029","ARAV",2020-02-04,9.68,10.22,9.45,9.78,204300,9.78
"1030","ARAV",2020-02-05,9.77,10.34,9.6,10.34,130100,10.34
"1031","ARAV",2020-02-06,10.34,10.52,9.7,9.96,114100,9.96
"1032","ARAV",2020-02-07,9.91,10.15,9.7,9.75,84400,9.75
"1033","ARAV",2020-02-10,9.71,9.97,9.62,9.67,102400,9.67
"1034","ARAV",2020-02-11,9.67,10.21,9.57,9.92,124400,9.92
"1035","ARAV",2020-02-12,9.95,10.11,9.14,9.24,175200,9.24
"1036","ARAV",2020-02-13,9.23,9.44,8.94,9.12,98200,9.12
"1037","ARAV",2020-02-14,9.09,9.45,9.056,9.26,60700,9.26
"1038","ARAV",2020-02-18,9.26,9.48,8.67,9.45,95000,9.45
"1039","ARAV",2020-02-19,9.45,10.21,9.11,9.12,257300,9.12
"1040","ARAV",2020-02-20,9.12,9.99,9.12,9.76,121700,9.76
"1041","ARAV",2020-02-21,9.74,9.827,8.8,8.94,187300,8.94
"1042","ARAV",2020-02-24,8.72,9.17,8.42,9.01,141700,9.01
"1043","ARAV",2020-02-25,9.02,9.03,8.7,8.95,107600,8.95
"1044","ARAV",2020-02-26,8.97,9.09,8.73,9,54900,9
"1045","ARAV",2020-02-27,8.93,9.17,8.37,8.71,110800,8.71
"1046","ARAV",2020-02-28,8.56,8.87,8.15,8.54,143200,8.54
"1047","ARAV",2020-03-02,8.56,8.6,8.02,8.46,53400,8.46
"1048","ARAV",2020-03-03,8.44,8.75,8.2,8.29,55300,8.29
"1049","ARAV",2020-03-04,8.38,8.797,8.31,8.51,136200,8.51
"1050","ARAV",2020-03-05,8.43,8.595,8.11,8.46,61900,8.46
"1051","ARAV",2020-03-06,8.33,8.38,7.71,7.92,121300,7.92
"1052","ARAV",2020-03-09,7.5,7.5,6.5,6.51,193100,6.51
"1053","ARAV",2020-03-10,6.69,6.765,5.82,5.96,150700,5.96
"1054","ARAV",2020-03-11,5.84,5.99,4.93,4.99,184800,4.99
"1055","ARAV",2020-03-12,4.54,4.76,4.01,4.05,165900,4.05
"1056","ARAV",2020-03-13,4.81,4.884,4.01,4.35,252700,4.35
"1057","ARAV",2020-03-16,4.01,4.28,3.34,3.5,301300,3.5
"1058","ARAV",2020-03-17,3.73,4.35,3.5,4.18,356600,4.18
"1059","ARAV",2020-03-18,3.7,4.296,3.61,3.71,121500,3.71
"1060","ARAV",2020-03-19,3.8,4.22,3.53,3.8,171100,3.8
"1061","ARAV",2020-03-20,3.81,4.15,3.63,3.64,209500,3.64
"1062","ARAV",2020-03-23,3.65,4.14,3.65,4.03,179100,4.03
"1063","ARAV",2020-03-24,4.21,4.65,4.12,4.52,104300,4.52
"1064","ARAV",2020-03-25,4.59,5.32,4.37,5.3,120600,5.3
"1065","ARAV",2020-03-26,5.31,5.46,5.02,5.35,103900,5.35
"1066","ARAV",2020-03-27,4.95,6.03,4.8,5.86,131000,5.86
"1067","ARAV",2020-03-30,5.94,6.02,5.46,5.66,91200,5.66
"1068","ARAV",2020-03-31,5.67,6,5.57,5.76,68600,5.76
"1069","ARAV",2020-04-01,5.75,5.75,5.04,5.18,50300,5.18
"1070","ARAV",2020-04-02,5.15,5.47,5,5.18,44600,5.18
"1071","ARAV",2020-04-03,5.17,5.67,5.02,5.37,82200,5.37
"1072","ARAV",2020-04-06,5.45,6.05,5.45,5.94,87800,5.94
"1073","ARAV",2020-04-07,6.23,6.59,5.64,5.83,76400,5.83
"1074","ARAV",2020-04-08,6.23,6.24,5.74,6.16,97300,6.16
"1075","ARAV",2020-04-09,6.09,7.66,6.09,7.45,252100,7.45
"1076","ARAV",2020-04-13,7.42,9.72,7.15,8.6,319300,8.6
"1077","ARAV",2020-04-14,8.92,9.6,8.668,9.45,295400,9.45
"1078","ARAV",2020-04-15,9.67,10.74,9.055,10.21,302000,10.21
"1079","ARAV",2020-04-16,10.46,10.6,9.86,10.33,188200,10.33
"1080","ARAV",2020-04-17,10.74,11.87,10.56,11.41,370800,11.41
"1081","ARAV",2020-04-20,11.01,12.43,11.01,12.09,484300,12.09
"1082","ARAV",2020-04-21,12.2,12.72,11.9,12.45,443000,12.45
"1083","ARAV",2020-04-22,12.89,12.93,12.15,12.43,311900,12.43
"1084","ARAV",2020-04-23,12.76,13.19,12.36,13.01,260600,13.01
"1085","ARAV",2020-04-24,13.25,13.87,13.065,13.7,250600,13.7
"1086","ARAV",2020-04-27,13.94,14.24,13.35,13.82,263700,13.82
"1087","ARAV",2020-04-28,14.3,14.3,12.06,12.71,254100,12.71
"1088","ARAV",2020-04-29,12.95,13.36,12.34,12.64,209400,12.64
"1089","ARAV",2020-04-30,12.64,13.76,12.34,13.43,250800,13.43
"1090","ARAV",2020-05-01,13.2,13.23,11.08,11.21,213600,11.21
"1091","ARAV",2020-05-04,11.02,12.08,10.62,11.96,131200,11.96
"1092","ARAV",2020-05-05,12.22,12.56,11.72,11.96,111900,11.96
"1093","ARAV",2020-05-06,12.04,12.25,11.64,11.84,129700,11.84
"1094","ARAV",2020-05-07,10.72,11.85,10.541,11.5,140700,11.5
"1095","ARAV",2020-05-08,11.47,11.99,10.865,11.74,155700,11.74
"1096","ARAV",2020-05-11,11.75,14.47,11.75,14.3,297200,14.3
"1097","ARAV",2020-05-12,14.02,14.52,13.21,13.47,188100,13.47
"1098","ARAV",2020-05-13,13.52,13.74,12,12.47,141400,12.47
"1099","ARAV",2020-05-14,12.15,12.91,11.75,12.69,105900,12.69
"1100","ARAV",2020-05-15,12.65,13,12.211,12.44,87600,12.44
"1101","ARAV",2020-05-18,12.9,13.19,12.33,12.57,104700,12.57
"1102","ARAV",2020-05-19,12.63,12.97,12.2,12.23,98400,12.23
"1103","ARAV",2020-05-20,12.4,13.08,12.4,12.92,81100,12.92
"1104","ARAV",2020-05-21,12.98,13.24,12.5,13.09,87100,13.09
"1105","ARAV",2020-05-22,13,13.185,12.68,12.77,51300,12.77
"1106","ARAV",2020-05-26,12.9,13.24,12.5,12.72,139800,12.72
"1107","ARAV",2020-05-27,12.82,12.874,11.9,12.25,80500,12.25
"1108","ARAV",2020-05-28,12.26,12.5,11.557,12.24,125100,12.24
"1109","ARAV",2020-05-29,12.17,12.88,12.15,12.81,135300,12.81
"1110","ARAV",2020-06-01,12.76,13.19,12.58,12.72,108800,12.72
"1111","ARAV",2020-06-02,12.7,13.1,12.359,13.01,111500,13.01
"1112","ARAV",2020-06-03,13.07,13.24,12.62,12.62,129900,12.62
"1113","ARAV",2020-06-04,12.53,12.83,11.92,12.2,98600,12.2
"1114","ARAV",2020-06-05,12.28,12.68,12.02,12.15,87100,12.15
"1115","ARAV",2020-06-08,12.08,12.89,12.08,12.72,111300,12.72
"1116","ARAV",2020-06-09,12.51,12.88,12.503,12.61,91200,12.61
"1117","ARAV",2020-06-10,12.53,13.67,12.37,13.03,106500,13.03
"1118","ARAV",2020-06-11,12.92,13.19,11.71,11.97,107400,11.97
"1119","ARAV",2020-06-12,12.29,12.63,11.87,12.41,75000,12.41
"1120","ARAV",2020-06-15,12.07,14.16,12.07,13.84,170600,13.84
"1121","ARAV",2020-06-16,14.24,14.24,13.145,13.67,96900,13.67
"1122","ARAV",2020-06-17,13.7,13.81,13.46,13.55,60200,13.55
"1123","ARAV",2020-06-18,13.46,14.19,13.46,14.13,102200,14.13
"1124","ARAV",2020-06-19,14.18,14.73,14.09,14.52,261700,14.52
"1125","ARAV",2020-06-22,14.51,14.51,14.19,14.5,108800,14.5
"1126","ARAV",2020-06-23,14.58,14.73,14.27,14.32,126700,14.32
"1127","ARAV",2020-06-24,14.33,14.59,13.476,14.11,154100,14.11
"1128","ARAV",2020-06-25,14.35,14.94,14.08,14.81,229700,14.81
"1129","ARAV",2020-06-26,14.71,14.87,13.52,14.1,1726900,14.1
"1130","ARAV",2020-06-29,13.18,13.369,11.37,12,529400,12
"1131","ARAV",2020-06-30,12.05,12.164,11.42,11.64,213300,11.64
"1132","ARAV",2020-07-01,11.71,12.159,11.19,11.43,128900,11.43
"1133","ARAV",2020-07-02,11.62,11.96,11.09,11.64,159100,11.64
"1134","ARAV",2020-07-06,11.91,12,11.31,11.92,198400,11.92
"1135","ARAV",2020-07-07,11.97,12.36,11.96,12.06,69700,12.06
"1136","ARAV",2020-07-08,12.06,12.18,11.26,11.57,165000,11.57
"1137","ARAV",2020-07-09,11.66,11.77,11,11.33,140500,11.33
"1138","ARAV",2020-07-10,11.2,11.4,11.02,11.09,74700,11.09
"1139","ARAV",2020-07-13,11.22,11.42,10.58,10.6,140900,10.6
"1140","ARAV",2020-07-14,10.58,10.81,10.35,10.63,115900,10.63
"1141","ARAV",2020-07-15,10.87,11.43,10.65,11.17,120000,11.17
"1142","ARAV",2020-07-16,11.03,11.03,10.63,10.71,89700,10.71
"1143","ARAV",2020-07-17,10.62,11.123,10.49,10.58,110700,10.58
"1144","ARAV",2020-07-20,10.6,11.35,10.05,10.25,259200,10.25
"1145","ARAV",2020-07-21,10.4,10.875,10.17,10.75,160600,10.75
"1146","ARAV",2020-07-22,10.72,10.846,10.261,10.39,79600,10.39
"1147","ARAV",2020-07-23,10.56,10.915,8.9,9,543100,9
"1148","ARAV",2020-07-24,9.14,9.14,7.91,7.91,279900,7.91
"1149","ARAV",2020-07-27,7.92,8.21,7.035,7.09,295200,7.09
"1150","ARAV",2020-07-28,7,7,6.55,6.66,388900,6.66
"1151","ARAV",2020-07-29,6.61,6.61,6,6.19,519200,6.19
"1152","ARAV",2020-07-30,6.17,6.63,6.02,6.15,492600,6.15
"1153","ARAV",2020-07-31,6.2,6.223,5.7,5.89,279100,5.89
"1154","ARAV",2020-08-03,5.92,6.17,5.78,5.99,513100,5.99
"1155","ARAV",2020-08-04,6,6.16,5.72,5.89,476400,5.89
"1156","ARAV",2020-08-05,6.01,6.217,5.77,5.9,358100,5.9
"1157","ARAV",2020-08-06,6,6.02,5.5,5.57,368400,5.57
"1158","ARAV",2020-08-07,5.58,6.24,5.43,6.03,470300,6.03
"1159","ARAV",2020-08-10,6.05,6.65,5.9,5.99,379300,5.99
"1160","ARAV",2020-08-11,6.15,6.15,5.62,5.79,592500,5.79
"1161","ARAV",2020-08-12,5.83,6.05,5.74,5.83,199200,5.83
"1162","ARAV",2020-08-13,5.82,6.1,5.62,5.95,311400,5.95
"1163","ARAV",2020-08-14,6.19,6.74,5.95,6.44,873200,6.44
"1164","ARAV",2020-08-17,6.5,6.52,6.07,6.41,350100,6.41
"1165","ARAV",2020-08-18,6.47,6.605,6.26,6.47,203600,6.47
"1166","ARAV",2020-08-19,6.5,6.84,6.39,6.66,263800,6.66
"1167","ARAV",2020-08-20,6.65,6.699,6.3,6.59,170000,6.59
"1168","ARAV",2020-08-21,6.52,6.607,6.1,6.14,262000,6.14
"1169","ARAV",2020-08-24,6.29,6.29,5.87,5.93,222500,5.93
"1170","ARAV",2020-08-25,5.93,6.25,5.8,6.08,202800,6.08
"1171","ARAV",2020-08-26,6.17,6.17,5.76,5.81,135200,5.81
"1172","ARAV",2020-08-27,5.83,5.92,5.56,5.73,235600,5.73
"1173","ARAV",2020-08-28,5.71,5.86,5.68,5.83,122000,5.83
"1174","ARAV",2020-08-31,5.8,5.857,5.53,5.7,201000,5.7
"1175","ARAV",2020-09-01,5.74,5.74,5.23,5.29,219400,5.29
"1176","ARAV",2020-09-02,5.29,5.515,5.2,5.43,126500,5.43
"1177","ARAV",2020-09-03,5.47,5.59,5.21,5.3,124400,5.3
"1178","ARAV",2020-09-04,5.3,5.35,4.72,5.17,257000,5.17
"1179","ARAV",2020-09-08,5.02,5.37,5,5.22,86800,5.22
"1180","ARAV",2020-09-09,5.26,5.42,5.2,5.26,134900,5.26
"1181","ARAV",2020-09-10,5.29,5.49,5.16,5.23,102800,5.23
"1182","ARAV",2020-09-11,5.23,5.36,5,5.08,81300,5.08
"1183","ARAV",2020-09-14,5.21,5.7,5.2,5.63,156300,5.63
"1184","ARAV",2020-09-15,5.72,6.25,5.56,5.99,287200,5.99
"1185","ARAV",2020-09-16,6.04,6.32,5.93,6.07,136000,6.07
"1186","ARAV",2020-09-17,6.01,6.01,5.67,5.81,80500,5.81
"1187","ARAV",2020-09-18,5.98,6.24,5.951,6.23,246700,6.23
"1188","ARAV",2020-09-21,6.18,6.18,5.6,5.72,191500,5.72
"1189","ARAV",2020-09-22,5.8,5.83,5.58,5.62,102000,5.62
"1190","ARAV",2020-09-23,5.65,5.71,5.05,5.11,186400,5.11
"1191","ARAV",2020-09-24,5.2,5.234,4.85,4.94,187600,4.94
"1192","ARAV",2020-09-25,4.92,5.046,4.82,5.01,100900,5.01
"1193","ARAV",2020-09-28,5.13,5.26,4.81,4.95,117200,4.95
"1194","ARAV",2020-09-29,4.83,5.01,4.76,4.84,136600,4.84
"1195","ARAV",2020-09-30,4.9,4.9,4.6,4.7,113600,4.7
"1196","ARAV",2020-10-01,4.855,4.855,4.65,4.74,98300,4.74
"1197","ARAV",2020-10-02,4.62,4.85,4.6,4.8,132700,4.8
"1198","ARAV",2020-10-05,4.87,5.12,4.8,5.04,101800,5.04
"1199","ARAV",2020-10-06,5.09,5.19,4.84,4.88,85300,4.88
"1200","ARAV",2020-10-07,4.88,5.06,4.67,4.99,103600,4.99
"1201","ARAV",2020-10-08,5.08,5.11,4.88,4.93,75600,4.93
"1202","ARAV",2020-10-09,4.94,5.22,4.88,5.2,75000,5.2
"1203","ARAV",2020-10-12,5.24,5.24,4.95,4.99,82100,4.99
"1204","ARAV",2020-10-13,4.96,5.23,4.95,5.15,68600,5.15
"1205","ARAV",2020-10-14,5.13,5.24,4.96,5.05,55300,5.05
"1206","ARAV",2020-10-15,4.96,5.07,4.83,5.03,69100,5.03
"1207","ARAV",2020-10-16,5.02,5.21,5,5.07,41800,5.07
"1208","ARAV",2020-10-19,5.07,5.5,5.01,5.28,158100,5.28
"1209","ARAV",2020-10-20,5.29,5.29,4.86,5.06,178200,5.06
"1210","ARAV",2020-10-21,5.12,5.39,4.99,5.2,97100,5.2
"1211","ARAV",2020-10-22,5.22,5.329,5.05,5.17,80400,5.17
"1212","ARAV",2020-10-23,5.22,5.3,5.03,5.23,55500,5.23
"1213","ARAV",2020-10-26,5.2,5.2,4.86,4.93,82400,4.93
"1214","ARAV",2020-10-27,4.93,4.98,4.71,4.92,112400,4.92
"1215","ARAV",2020-10-28,4.76,4.76,4.54,4.67,148100,4.67
"1216","ARAV",2020-10-29,4.63,4.82,4.54,4.79,65900,4.79
"1217","ARAV",2020-10-30,4.77,4.79,4.42,4.63,122500,4.63
"1218","ARAV",2020-11-02,4.75,4.75,4.45,4.71,95600,4.71
"1219","ARAV",2020-11-03,4.83,4.98,4.53,4.93,69600,4.93
"1220","ARAV",2020-11-04,4.88,5.15,4.7,4.81,74300,4.81
"1221","ARAV",2020-11-05,4.91,4.98,4.74,4.85,61000,4.85
"1222","ARAV",2020-11-06,4.63,4.798,4.27,4.36,144300,4.36
"1223","ARAV",2020-11-09,4.6,4.94,4.41,4.78,93900,4.78
"1224","ARAV",2020-11-10,5.11,5.35,4.81,5.21,130000,5.21
"1225","ARAV",2020-11-11,5.29,5.48,5.02,5.3,140500,5.3
"1226","ARAV",2020-11-12,5.29,5.4,5.04,5.35,135400,5.35
"1227","ARAV",2020-11-13,5.45,5.65,5.18,5.54,185900,5.54
"1228","ARAV",2020-11-16,5.74,6.435,5.55,6.26,336500,6.26
"1229","ARAV",2020-11-17,6.14,6.28,5.63,6.11,243300,6.11
"1230","ARAV",2020-11-18,6.15,6.4,5.76,5.81,146000,5.81
"1231","ARAV",2020-11-19,5.81,5.853,5.55,5.65,108200,5.65
"1232","ARAV",2020-11-20,5.57,5.63,5.33,5.49,133400,5.49
"1233","ARAV",2020-11-23,5.59,5.678,5.29,5.33,88700,5.33
"1234","ARAV",2020-11-24,5.36,6.05,5.35,5.92,214600,5.92
"1235","ARAV",2020-11-25,5.86,6,5.652,5.79,77800,5.79
"1236","ARAV",2020-11-27,5.75,5.892,5.62,5.64,52600,5.64
"1237","ARAV",2020-11-30,5.64,5.84,5.38,5.81,99400,5.81
"1238","ARAV",2020-12-01,5.82,6.05,5.6,5.68,98300,5.68
"1239","ARAV",2020-12-02,5.64,5.87,5.55,5.79,65500,5.79
"1240","ARAV",2020-12-03,5.94,5.995,5.65,5.68,75800,5.68
"1241","ARAV",2020-12-04,5.73,5.95,5.69,5.74,94200,5.74
"1242","ARAV",2020-12-07,5.79,5.9,5.661,5.77,62000,5.77
"1243","ARAV",2020-12-08,6.14,7.25,5.91,6.51,1873800,6.51
"1244","ARAV",2020-12-09,6.6,6.728,5.85,6.01,540200,6.01
"1245","ARAV",2020-12-10,5.96,6.38,5.95,6.23,208600,6.23
"1246","ARAV",2020-12-11,6.29,6.38,5.9,6.25,167500,6.25
"1247","ARAV",2020-12-14,6.45,6.6,6.07,6.35,220500,6.35
"1248","ARAV",2020-12-15,6.49,6.83,6.2,6.5,124200,6.5
"1249","ARAV",2020-12-16,6.58,6.58,6.16,6.18,115000,6.18
"1250","ARAV",2020-12-17,6.19,6.55,6.13,6.43,105800,6.43
"1251","ARAV",2020-12-18,6.54,6.54,6.13,6.19,172500,6.19
"1252","ARAV",2020-12-21,6,6.42,5.97,6.29,99200,6.29
"1253","ARAV",2020-12-22,6.26,6.365,6.09,6.23,74100,6.23
"1254","ARAV",2020-12-23,6.3,6.39,6.14,6.3,90300,6.3
"1255","ARAV",2020-12-24,6.317,6.35,6.11,6.18,28100,6.18
"1256","ARAV",2020-12-28,6.23,6.39,6,6.04,92800,6.04
"1257","ARAV",2020-12-29,6.1,6.14,5.61,5.87,229300,5.87
"1258","ARAV",2020-12-30,5.91,6.01,5.74,5.98,61900,5.98
"1259","ARAV",2020-12-31,5.96,5.96,5.61,5.64,128400,5.64
"1260","ARAV",2021-01-04,5.72,5.79,5.28,5.35,162700,5.35
"1261","ARAV",2021-01-05,5.445,5.52,5.25,5.34,90200,5.34
"1262","ARAV",2021-01-06,5.37,5.628,5.37,5.52,99100,5.52
"1263","ARAV",2021-01-07,5.53,5.73,5.38,5.67,93800,5.67
"1264","ARAV",2021-01-08,5.69,5.77,5.483,5.62,77000,5.62
"1265","ARAV",2021-01-11,5.55,5.68,5.31,5.42,90200,5.42
"1266","ARAV",2021-01-12,5.43,5.735,5.38,5.47,71000,5.47
"1267","ARAV",2021-01-13,5.41,5.94,5.36,5.62,170100,5.62
"1268","ARAV",2021-01-14,5.71,5.92,5.66,5.71,96600,5.71
"1269","ARAV",2021-01-15,5.72,5.92,5.648,5.86,67200,5.86
"1270","ARAV",2021-01-19,5.95,6.27,5.87,6.02,158500,6.02
"1271","ARAV",2021-01-20,6.12,6.12,5.76,5.89,85400,5.89
"1272","ARAV",2021-01-21,5.87,5.923,5.62,5.64,85400,5.64
"1273","ARAV",2021-01-22,5.73,5.95,5.54,5.8,1e+05,5.8
"1274","ARAV",2021-01-25,5.79,6.01,5.71,5.95,101800,5.95
"1275","ARAV",2021-01-26,6.01,6.03,5.74,5.9,93000,5.9
"1276","ARAV",2021-01-27,5.7,5.839,5.41,5.51,141500,5.51
"1277","ARAV",2021-01-28,5.7,5.8,5.35,5.51,94000,5.51
"1278","ARAV",2021-01-29,5.55,5.63,5.05,5.25,138300,5.25
"1279","ARAV",2021-02-01,5.32,5.32,5.1,5.11,116400,5.11
"1280","ARAV",2021-02-02,5.18,5.52,5.09,5.46,129600,5.46
"1281","ARAV",2021-02-03,5.4,5.779,5.31,5.55,138100,5.55
"1282","ARAV",2021-02-04,5.55,5.73,5.48,5.6,81100,5.6
"1283","ARAV",2021-02-05,5.66,5.72,5.42,5.61,110300,5.61
"1284","ARAV",2021-02-08,5.65,6.537,5.61,6.29,398300,6.29
"1285","ARAV",2021-02-09,6.3,6.58,6.1,6.33,178500,6.33
"1286","ARAV",2021-02-10,6.42,6.56,5.86,6.16,141700,6.16
"1287","ARAV",2021-02-11,6.16,7.15,6.16,6.85,434800,6.85
"1288","ARAV",2021-02-12,6.75,7.75,6.73,7.29,533700,7.29
"1289","ARAV",2021-02-16,7.79,8.95,7.61,8.39,936100,8.39
"1290","ARAV",2021-02-17,8.4,8.58,7.8,8.4,314900,8.4
"1291","ARAV",2021-02-18,8.42,8.51,8.05,8.22,187600,8.22
"1292","ARAV",2021-02-19,8.27,8.47,8.05,8.2,171900,8.2
"1293","ARAV",2021-02-22,8.18,8.35,7.83,7.85,130900,7.85
"1294","ARAV",2021-02-23,7.59,7.7,6.59,7.02,253500,7.02
"1295","ARAV",2021-02-24,7.013,7.69,6.96,7.34,94300,7.34
"1296","ARAV",2021-02-25,7.3,7.56,6.91,7.11,109600,7.11
"1297","ARAV",2021-02-26,7,7.27,6.64,6.81,125900,6.81
"1298","ARAV",2021-03-01,7.21,7.45,6.84,6.85,136400,6.85
"1299","ARAV",2021-03-02,6.91,7,6.7,6.79,103100,6.79
"1300","ARAV",2021-03-03,6.75,6.98,6.53,6.68,93800,6.68
"1301","ARAV",2021-03-04,6.61,6.67,6.19,6.52,198900,6.52
"1302","ARAV",2021-03-05,6.64,6.7,6.01,6.46,224700,6.46
"1303","ARAV",2021-03-08,7.26,7.429,6.76,6.98,423700,6.98
"1304","ARAV",2021-03-09,7.02,7.42,6.99,7.2,168500,7.2
"1305","ARAV",2021-03-10,7.29,7.39,6.8,6.95,155000,6.95
"1306","ARAV",2021-03-11,7.03,7.2,6.9,7.08,122400,7.08
"1307","ARAV",2021-03-12,6.92,7.37,6.77,7.22,210300,7.22
"1308","ARAV",2021-03-15,7.5,7.89,7.3,7.63,354300,7.63
"1309","ARAV",2021-03-16,7.81,8.25,7.51,7.63,340800,7.63
"1310","ARAV",2021-03-17,7.82,8.3,7.66,8.21,306000,8.21
"1311","ARAV",2021-03-18,8.24,9.34,8.2,8.57,905600,8.57
"1312","ARAV",2021-03-19,8.79,9.95,8.79,9.24,1124300,9.24
"1313","ARAV",2021-03-22,9.05,9.24,7.77,7.93,766900,7.93
"1314","ARAV",2021-03-23,7.8,7.93,7.245,7.29,283900,7.29
"1315","ARAV",2021-03-24,7.38,7.46,6.68,6.81,264200,6.81
"1316","ARAV",2021-03-25,6.72,7.21,6.23,6.98,381300,6.98
"1317","ARAV",2021-03-26,7,7,6.5,6.57,99500,6.57
"1318","ARAV",2021-03-29,6.55,6.72,5.94,6.01,219800,6.01
"1319","ARAV",2021-03-30,6.07,6.3,6,6.12,97900,6.12
"1320","ARAV",2021-03-31,6.15,6.8,6.12,6.59,185000,6.59
"1321","ARAV",2021-04-01,6.55,6.8,6.24,6.42,122700,6.42
"1322","ARAV",2021-04-05,6.54,6.54,5.92,6.06,186100,6.06
"1323","ARAV",2021-04-06,6.1,6.25,5.67,5.8,182400,5.8
"1324","ARAV",2021-04-07,5.79,5.86,5.6,5.68,180500,5.68
"1325","ARAV",2021-04-08,5.7,5.9,5.65,5.85,160900,5.85
"1326","ARAV",2021-04-09,5.84,5.86,5.44,5.49,259200,5.49
"1327","ARAV",2021-04-12,5.4,5.49,5.2,5.34,197700,5.34
"1328","ARAV",2021-04-13,5.3,5.46,5.21,5.4,99200,5.4
"1329","ARAV",2021-04-14,5.38,5.65,5.38,5.47,117200,5.47
"1330","ARAV",2021-04-15,5.51,5.65,5.27,5.44,117000,5.44
"1331","ARAV",2021-04-16,5.49,5.49,5.11,5.18,122500,5.18
"1332","ARAV",2021-04-19,5.18,5.28,5.05,5.19,123300,5.19
"1333","ARAV",2021-04-20,5.12,5.24,4.95,5.17,124100,5.17
"1334","ARAV",2021-04-21,5.14,5.505,5.14,5.45,153800,5.45
"1335","ARAV",2021-04-22,5.42,5.58,5.15,5.2,149500,5.2
"1336","ARAV",2021-04-23,5.25,5.35,5.1,5.3,77700,5.3
"1337","ARAV",2021-04-26,5.28,5.43,5.28,5.39,60600,5.39
"1338","ARAV",2021-04-27,5.895,6.33,5.7,5.99,590300,5.99
"1339","ARAV",2021-04-28,5.55,6.01,5.32,5.86,503400,5.86
"1340","ARAV",2021-04-29,5.9,5.9,5.45,5.61,157900,5.61
"1341","ARAV",2021-04-30,5.6,5.64,5.17,5.25,282900,5.25
"1342","ARAV",2021-05-03,5.35,5.43,5.129,5.37,159600,5.37
"1343","ARAV",2021-05-04,5.38,5.38,5.02,5.05,209800,5.05
"1344","ARAV",2021-05-05,5.02,5.25,4.84,5.09,235600,5.09
"1345","ARAV",2021-05-06,5.1,5.24,4.71,4.84,309800,4.84
"1346","ARAV",2021-05-07,4.88,5.09,4.88,5,153400,5
"1347","ARAV",2021-05-10,5.07,5.08,4.75,4.84,163400,4.84
"1348","ARAV",2021-05-11,4.72,4.97,4.66,4.75,113500,4.75
"1349","ARAV",2021-05-12,4.72,4.91,4.63,4.65,87200,4.65
"1350","ARAV",2021-05-13,4.65,4.805,4.58,4.77,145900,4.77
"1351","ARAV",2021-05-14,4.8,4.93,4.66,4.82,103600,4.82
"1352","ARAV",2021-05-17,4.8,4.89,4.63,4.84,63900,4.84
"1353","ARAV",2021-05-18,4.922,5.24,4.81,5.09,123700,5.09
"1354","ARAV",2021-05-19,5.01,5.18,4.85,5.02,81900,5.02
"1355","ARAV",2021-05-20,5.03,5.33,4.96,5.2,114100,5.2
"1356","ARAV",2021-05-21,5.24,5.4,5.15,5.26,65300,5.26
"1357","ARAV",2021-05-24,5.29,5.365,5.01,5.04,72800,5.04
"1358","ARAV",2021-05-25,5.12,5.12,4.91,4.91,110700,4.91
"1359","ARAV",2021-05-26,4.9,5.18,4.9,5.07,73900,5.07
"1360","ARAV",2021-05-27,5.07,5.21,5,5.07,82300,5.07
"1361","ARAV",2021-05-28,5.09,5.202,5,5.13,87900,5.13
"1362","ARAV",2021-06-01,5.16,5.32,5.05,5.31,108700,5.31
"1363","ARAV",2021-06-02,5.29,5.33,4.9,5.01,208000,5.01
"1364","ARAV",2021-06-03,4.98,5.13,4.915,5.1,84900,5.1
"1365","ARAV",2021-06-04,5.1,5.32,5.1,5.26,93400,5.26
"1366","ARAV",2021-06-07,5.27,5.5,5.27,5.47,117400,5.47
"1367","ARAV",2021-06-08,5.47,5.53,5.36,5.45,75300,5.45
"1368","ARAV",2021-06-09,5.47,5.68,5.28,5.36,85600,5.36
"1369","ARAV",2021-06-10,5.44,5.56,5.27,5.3,94300,5.3
"1370","ARAV",2021-06-11,5.34,5.43,5.2,5.33,134500,5.33
"1371","ARAV",2021-06-14,5.475,5.475,4.91,5.08,239100,5.08
"1372","ARAV",2021-06-15,5.07,5.38,5,5.33,122200,5.33
"1373","ARAV",2021-06-16,5.13,5.38,5.09,5.21,70300,5.21
"1374","ARAV",2021-06-17,5.21,5.27,4.92,4.97,114000,4.97
"1375","ARAV",2021-06-18,4.93,5.14,4.93,4.97,154000,4.97
"1376","ARAV",2021-06-21,5,5.36,4.9,5.28,164600,5.28
"1377","ARAV",2021-06-22,5.27,5.31,5,5.27,124400,5.27
"1378","ARAV",2021-06-23,5.27,5.45,5.12,5.32,171000,5.32
"1379","ARAV",2021-06-24,6.73,6.94,5.51,5.6,23536700,5.6
"1380","ARAV",2021-06-25,5.41,5.62,5.23,5.55,2998300,5.55
"1381","ARAV",2021-06-28,5.61,5.76,5.26,5.36,519400,5.36
"1382","ARAV",2021-06-29,5.264,5.56,5.24,5.32,241500,5.32
"1383","ARAV",2021-06-30,5.39,5.98,5.32,5.98,676700,5.98
"1384","ARAV",2021-07-01,5.92,5.95,5.6,5.8,273000,5.8
"1385","ARAV",2021-07-02,5.83,5.83,5.51,5.73,138900,5.73
"1386","ARAV",2021-07-06,5.61,5.71,5.55,5.62,166800,5.62
"1387","ARAV",2021-07-07,5.57,5.599,5.2,5.35,373200,5.35
"1388","ARAV",2021-07-08,5.16,5.4,5.14,5.26,420600,5.26
"1389","ARAV",2021-07-09,5.26,5.28,4.95,5,497000,5
"1390","ARAV",2021-07-12,5,5.27,4.96,5.11,132000,5.11
"1391","ARAV",2021-07-13,5.09,5.1,4.72,4.8,335000,4.8
"1392","ARAV",2021-07-14,4.8,4.845,4.52,4.56,248100,4.56
"1393","ARAV",2021-07-15,4.57,4.59,4.45,4.49,180000,4.49
"1394","ARAV",2021-07-16,4.48,4.74,4.4,4.52,266100,4.52
"1395","ARAV",2021-07-19,4.44,4.78,4.42,4.59,215900,4.59
"1396","ARAV",2021-07-20,4.45,4.8,4.43,4.68,126700,4.68
"1397","ARAV",2021-07-21,4.68,4.849,4.56,4.75,253700,4.75
"1398","ARAV",2021-07-22,4.74,4.74,4.45,4.45,174000,4.45
"1399","ARAV",2021-07-23,4.53,4.57,4.15,4.27,359700,4.27
"1400","ARAV",2021-07-26,4.34,4.564,4.235,4.29,229200,4.29
"1401","ARAV",2021-07-27,4.26,4.3,3.97,4.11,203500,4.11
"1402","ARAV",2021-07-28,4.2,4.34,4.1,4.34,95600,4.34
"1403","ARAV",2021-07-29,4.35,4.398,4.12,4.14,77300,4.14
"1404","ARAV",2021-07-30,4.09,4.346,4.087,4.15,59000,4.15
"1405","ARAV",2021-08-02,4.15,4.39,4.11,4.27,32600,4.27
"1406","ARAV",2021-08-03,4.26,4.27,4.1,4.23,27500,4.23
"1407","ARAV",2021-08-04,4.14,4.434,4.03,4.06,110200,4.06
"1408","ARAV",2021-08-05,4.06,4.21,4.06,4.15,77500,4.15
"1409","ARAV",2021-08-06,4.28,4.28,4.01,4.2,76200,4.2
"1410","ARAV",2021-08-09,4.22,4.38,4.12,4.32,95300,4.32
"1411","ARAV",2021-08-10,4.39,4.4,4.11,4.13,71000,4.13
"1412","ARAV",2021-08-11,4.19,4.34,4.01,4.11,78500,4.11
"1413","ARAV",2021-08-12,4.11,4.28,3.97,4.05,147100,4.05
"1414","ARAV",2021-08-13,4.05,4.08,3.98,4.07,74800,4.07
"1415","ARAV",2021-08-16,4.04,4.04,3.86,3.89,109600,3.89
"1416","ARAV",2021-08-17,3.9,3.95,3.76,3.84,104100,3.84
"1417","ARAV",2021-08-18,3.88,3.94,3.77,3.92,81700,3.92
"1418","ARAV",2021-08-19,3.91,3.92,3.63,3.67,137200,3.67
"1419","ARAV",2021-08-20,3.69,3.9,3.66,3.86,63900,3.86
"1420","ARAV",2021-08-23,3.9,4.12,3.9,4.06,93700,4.06
"1421","ARAV",2021-08-24,4.08,4.1,3.95,4.06,44000,4.06
"1422","ARAV",2021-08-25,4.06,4.115,3.97,4.06,76200,4.06
"1423","ARAV",2021-08-26,4.09,4.19,4.03,4.07,99900,4.07
"1424","ARAV",2021-08-27,4.06,4.18,4,4.11,90900,4.11
"1425","ARAV",2021-08-30,4.05,4.23,4.05,4.1,79900,4.1
"1426","ARAV",2021-08-31,4.14,4.4,4.14,4.32,105300,4.32
"1427","ARAV",2021-09-01,4.34,4.34,4.121,4.21,62000,4.21
"1428","ARAV",2021-09-02,4.23,4.31,4.16,4.27,68700,4.27
"1429","ARAV",2021-09-03,4.27,4.3,4.03,4.15,73000,4.15
"1430","ARAV",2021-09-07,4.15,4.21,4.01,4.06,55000,4.06
"1431","ARAV",2021-09-08,4.1,4.1,3.97,4,59000,4
"1432","ARAV",2021-09-09,4.03,4.03,3.935,3.97,66100,3.97
"1433","ARAV",2021-09-10,3.98,4.07,3.94,3.97,53800,3.97
"1434","ARAV",2021-09-13,3.97,4.05,3.87,3.92,73900,3.92
"1435","ARAV",2021-09-14,4,4.01,3.77,3.81,95300,3.81
"1436","ARAV",2021-09-15,3.85,3.94,3.79,3.91,64100,3.91
"1437","ARAV",2021-09-16,3.9,3.96,3.81,3.89,33700,3.89
"1438","ARAV",2021-09-17,3.85,4.085,3.83,4.04,140300,4.04
"1439","ARAV",2021-09-20,3.95,4.02,3.78,3.84,80000,3.84
"1440","ARAV",2021-09-21,3.86,4.24,3.86,4.05,87500,4.05
"1441","ARAV",2021-09-22,4.05,4.1,3.95,4.07,73600,4.07
"1442","ARAV",2021-09-23,4.1,4.11,3.95,4.09,64900,4.09
"1443","ARAV",2021-09-24,4.05,4.11,3.98,4.02,87100,4.02
"1444","ARAV",2021-09-27,4.05,4.32,4.05,4.16,129600,4.16
"1445","ARAV",2021-09-28,4.13,4.16,3.75,3.79,174700,3.79
"1446","ARAV",2021-09-29,3.89,3.93,3.65,3.67,113000,3.67
"1447","ARAV",2021-09-30,3.8,3.91,3.69,3.72,162600,3.72
"1448","ARAV",2021-10-01,3.77,3.84,3.58,3.68,105500,3.68
"1449","ARAV",2021-10-04,3.78,3.78,3.56,3.6,306400,3.6
"1450","ARAV",2021-10-05,3.61,3.661,3.5,3.56,94600,3.56
"1451","ARAV",2021-10-06,3.56,3.615,3.48,3.59,114300,3.59
"1452","ARAV",2021-10-07,3.62,3.7,3.5,3.53,63000,3.53
"1453","ARAV",2021-10-08,3.5,3.62,3.47,3.57,84800,3.57
"1454","ARAV",2021-10-11,3.57,3.64,3.52,3.62,50200,3.62
"1455","ARAV",2021-10-12,3.64,3.77,3.6,3.76,20500,3.76
"1456","ARAV",2021-10-13,3.78,3.82,3.7,3.79,41100,3.79
"1457","ARAV",2021-10-14,3.83,3.87,3.8,3.83,61300,3.83
"1458","ARAV",2021-10-15,3.86,3.86,3.65,3.68,47300,3.68
"1459","ARAV",2021-10-18,3.67,3.79,3.62,3.76,54700,3.76
"1460","ARAV",2021-10-19,3.76,3.89,3.75,3.77,34100,3.77
"1461","ARAV",2021-10-20,3.8,3.9,3.68,3.74,72800,3.74
"1462","ARAV",2021-10-21,3.7,3.808,3.7,3.715,19200,3.715
"1463","ARAV",2021-10-22,3.74,3.74,3.58,3.67,64400,3.67
"1464","ARAV",2021-10-25,3.7,3.7,3.54,3.61,64400,3.61
"1465","ARAV",2021-10-26,3.65,3.785,3.52,3.66,73300,3.66
"1466","ARAV",2021-10-27,3.66,3.77,3.56,3.63,43800,3.63
"1467","ARAV",2021-10-28,3.675,3.675,3.55,3.63,34200,3.63
"1468","ARAV",2021-10-29,3.61,3.69,3.55,3.55,38900,3.55
"1469","ARAV",2021-11-01,3.66,3.85,3.57,3.59,104100,3.59
"1470","ARAV",2021-11-02,3.63,3.752,3.6,3.7,46800,3.7
"1471","ARAV",2021-11-03,3.7,3.89,3.67,3.89,47300,3.89
"1472","ARAV",2021-11-04,3.55,3.89,3.55,3.86,38000,3.86
"1473","ARAV",2021-11-05,3.9,3.96,3.73,3.95,82200,3.95
"1474","ARAV",2021-11-08,3.89,4.2,3.89,4.07,175100,4.07
"1475","ARAV",2021-11-09,4.13,4.25,4,4.03,106400,4.03
"1476","ARAV",2021-11-10,3.97,4.18,3.781,3.79,104000,3.79
"1477","ARAV",2021-11-11,3.82,3.85,3.75,3.8,41900,3.8
"1478","ARAV",2021-11-12,3.87,4.05,3.836,4.05,117300,4.05
"1479","ARAV",2021-11-15,4.05,4.07,3.85,3.96,114600,3.96
"1480","ARAV",2021-11-16,3.96,3.97,3.72,3.75,91700,3.75
"1481","ARAV",2021-11-17,3.75,3.76,3.67,3.71,53400,3.71
"1482","ARAV",2021-11-18,3.72,3.72,3.48,3.57,128800,3.57
"1483","ARAV",2021-11-19,3.54,3.7,3.49,3.63,44200,3.63
"1484","ARAV",2021-11-22,3.62,3.636,3.5,3.5,70300,3.5
"1485","ARAV",2021-11-23,3.51,3.57,3.47,3.49,84900,3.49
"1486","ARAV",2021-11-24,3.48,3.548,3.45,3.5,79800,3.5
"1487","ARAV",2021-11-26,3.35,3.49,3.281,3.39,103100,3.39
"1488","ARAV",2021-11-29,3.43,3.45,3.25,3.25,124000,3.25
"1489","ARAV",2021-11-30,3.25,3.35,3.15,3.22,134100,3.22
"1490","ARAV",2021-12-01,3.28,3.28,3.03,3.07,93500,3.07
"1491","ARAV",2021-12-02,3.08,3.13,2.95,3.09,95500,3.09
"1492","ARAV",2021-12-03,3.13,3.13,2.41,2.53,480200,2.53
"1493","ARAV",2021-12-06,2.65,2.65,2.48,2.6,108100,2.6
"1494","ARAV",2021-12-07,2.66,2.87,2.66,2.79,137500,2.79
"1495","ARAV",2021-12-08,2.85,2.98,2.76,2.95,96900,2.95
"1496","ARAV",2021-12-09,2.95,2.98,2.79,2.79,79300,2.79
"1497","ARAV",2021-12-10,2.81,2.88,2.75,2.81,33000,2.81
"1498","ARAV",2021-12-13,2.89,2.89,2.64,2.69,69400,2.69
"1499","ARAV",2021-12-14,2.67,2.77,2.55,2.58,122900,2.58
"1500","ARAV",2021-12-15,2.6,2.705,2.46,2.66,71500,2.66
"1501","ARAV",2021-12-16,2.67,2.87,2.57,2.72,46300,2.72
"1502","ARAV",2021-12-17,2.66,2.9,2.62,2.78,47600,2.78
"1503","ARAV",2021-12-20,2.7,2.78,2.65,2.71,32500,2.71
"1504","ARAV",2021-12-21,2.72,2.79,2.5,2.59,116200,2.59
"1505","ARAV",2021-12-22,2.61,2.69,2.575,2.61,42300,2.61
"1506","ARAV",2021-12-23,2.59,2.692,2.54,2.58,63100,2.58
"1507","ARAV",2021-12-27,2.6,2.624,2.41,2.46,177200,2.46
"1508","ARAV",2021-12-28,2.46,2.54,2.41,2.43,145600,2.43
"1509","ARAV",2021-12-29,2.46,2.52,2.22,2.28,199900,2.28
"1510","ARAV",2021-12-30,2.28,2.32,2.16,2.23,206400,2.23
"1511","ARAV",2021-12-31,2.24,2.4,2.19,2.19,240800,2.19
"1512","ARAV",2022-01-03,2.22,2.47,2.21,2.45,92500,2.45
"1513","ARAV",2022-01-04,2.51,2.81,2.48,2.63,371000,2.63
"1514","ARAV",2022-01-05,2.65,2.73,2.5,2.67,132000,2.67
"1515","ARAV",2022-01-06,2.8,2.84,2.58,2.74,107900,2.74
"1516","ARAV",2022-01-07,2.78,2.839,2.61,2.75,57400,2.75
"1517","ARAV",2022-01-10,2.75,2.81,2.58,2.66,82600,2.66
"1518","ARAV",2022-01-11,2.7,2.78,2.55,2.59,85300,2.59
"1519","ARAV",2022-01-12,2.63,2.63,2.46,2.47,38800,2.47
"1520","ARAV",2022-01-13,2.45,2.61,2.45,2.47,43600,2.47
"1521","ARAV",2022-01-14,2.46,2.53,2.38,2.43,43300,2.43
"1522","ARAV",2022-01-18,2.4,2.452,2.2,2.25,57000,2.25
"1523","ARAV",2022-01-19,2.26,2.374,2.23,2.36,114200,2.36
"1524","ARAV",2022-01-20,2.36,2.42,2.25,2.28,89300,2.28
"1525","ARAV",2022-01-21,2.27,2.353,2.201,2.23,54900,2.23
"1526","ARAV",2022-01-24,2.2,2.24,2.01,2.18,80900,2.18
"1527","ARAV",2022-01-25,2.15,2.4,2.09,2.21,22200,2.21
"1528","ARAV",2022-01-26,2.19,2.3,2.001,2.04,47000,2.04
"1529","ARAV",2022-01-27,2.06,2.11,1.92,2.08,180300,2.08
"1530","ARAV",2022-01-28,2.13,2.137,1.98,2.04,75200,2.04
"1531","ARAV",2022-01-31,2.04,2.18,2.04,2.16,58700,2.16
"1532","ARAV",2022-02-01,2.19,2.35,2.165,2.2,43800,2.2
"1533","ARAV",2022-02-02,2.18,2.28,2.06,2.18,44900,2.18
"1534","ARAV",2022-02-03,2.11,2.15,1.98,1.98,24100,1.98
"1535","ARAV",2022-02-04,1.99,1.99,1.93,1.95,116200,1.95
"1536","ARAV",2022-02-07,2,2.22,2,2.17,85900,2.17
"1537","ARAV",2022-02-08,2.15,2.22,2.12,2.17,51300,2.17
"1538","ARAV",2022-02-09,2.17,2.35,2.15,2.25,86800,2.25
"1539","ARAV",2022-02-10,2.24,2.4,2.23,2.33,48900,2.33
"1540","ARAV",2022-02-11,2.31,2.365,2.07,2.07,59300,2.07
"1541","ARAV",2022-02-14,2.06,2.32,2.05,2.11,26600,2.11
"1542","ARAV",2022-02-15,2.17,2.19,2.1,2.15,27900,2.15
"1543","ARAV",2022-02-16,2.187,2.21,2.07,2.07,15600,2.07
"1544","ARAV",2022-02-17,2,2.12,2,2.07,65200,2.07
"1545","ARAV",2022-02-18,2.08,2.15,2.08,2.15,34100,2.15
